file_path,file_type,event_type,size_bytes,size_mb
data/dataset_eeg/gpd/abn186_20130806_102353_7285_seg_3.mat,EEG,GPD,223467,0.21
data/dataset_eeg/gpd/abn186_20130806_102353_7286_seg_3.mat,EEG,GPD,222949,0.21
data/dataset_eeg/gpd/abn186_20130806_102353_7287_seg_3.mat,EEG,GPD,222474,0.21
data/dataset_eeg/gpd/abn186_20130806_102353_7288_seg_3.mat,EEG,GPD,220449,0.21
data/dataset_eeg/gpd/abn186_20130806_102353_7289_seg_3.mat,EEG,GPD,216847,0.21
data/dataset_eeg/gpd/abn186_20130806_102353_7291_seg_3.mat,EEG,GPD,211011,0.2
data/dataset_eeg/gpd/abn186_20130806_102353_7293_seg_3.mat,EEG,GPD,212904,0.2
data/dataset_eeg/gpd/abn186_20150610_095502_3494_seg_3.mat,EEG,GPD,227577,0.22
data/dataset_eeg/gpd/abn186_20150610_095502_3497_seg_3.mat,EEG,GPD,227553,0.22
data/dataset_eeg/gpd/abn186_20150610_095502_3498_seg_3.mat,EEG,GPD,227328,0.22
data/dataset_eeg/gpd/abn1967_20110629_101448_751_seg_3.mat,EEG,GPD,236487,0.23
data/dataset_eeg/gpd/abn1967_20110629_101448_753_seg_3.mat,EEG,GPD,236776,0.23
data/dataset_eeg/gpd/abn1967_20110629_101448_754_seg_3.mat,EEG,GPD,236359,0.23
data/dataset_eeg/gpd/abn2147_20150609_144023_1001_seg_3.mat,EEG,GPD,290329,0.28
data/dataset_eeg/gpd/abn2147_20150609_144023_1002_seg_3.mat,EEG,GPD,290588,0.28
data/dataset_eeg/gpd/abn2147_20150609_144023_1005_seg_3.mat,EEG,GPD,290691,0.28
data/dataset_eeg/gpd/abn2147_20150609_144023_1006_seg_3.mat,EEG,GPD,290810,0.28
data/dataset_eeg/gpd/abn2147_20150609_144023_1009_seg_3.mat,EEG,GPD,290949,0.28
data/dataset_eeg/gpd/abn2147_20150609_144023_1011_seg_3.mat,EEG,GPD,290786,0.28
data/dataset_eeg/gpd/abn2147_20150609_144023_1018_seg_3.mat,EEG,GPD,290448,0.28
data/dataset_eeg/gpd/abn2147_20150609_144023_1023_seg_3.mat,EEG,GPD,290373,0.28
data/dataset_eeg/gpd/abn2147_20150609_144023_1026_seg_3.mat,EEG,GPD,290396,0.28
data/dataset_eeg/gpd/abn2147_20150609_144023_1028_seg_3.mat,EEG,GPD,290212,0.28
data/dataset_eeg/gpd/abn2147_20150609_144023_1033_seg_3.mat,EEG,GPD,290704,0.28
data/dataset_eeg/gpd/abn2147_20150609_144023_1034_seg_3.mat,EEG,GPD,291251,0.28
data/dataset_eeg/gpd/abn2147_20150609_144023_1039_seg_3.mat,EEG,GPD,290784,0.28
data/dataset_eeg/gpd/abn2147_20150609_144023_1040_seg_3.mat,EEG,GPD,290995,0.28
data/dataset_eeg/gpd/abn2147_20150609_144023_1041_seg_3.mat,EEG,GPD,290962,0.28
data/dataset_eeg/gpd/abn2147_20150609_144023_1042_seg_3.mat,EEG,GPD,291177,0.28
data/dataset_eeg/gpd/abn2147_20150609_144023_1049_seg_3.mat,EEG,GPD,290478,0.28
data/dataset_eeg/gpd/abn2147_20150609_144023_1050_seg_3.mat,EEG,GPD,290395,0.28
data/dataset_eeg/gpd/abn2147_20150609_144023_1052_seg_3.mat,EEG,GPD,290587,0.28
data/dataset_eeg/gpd/abn2147_20150609_144023_1055_seg_3.mat,EEG,GPD,290816,0.28
data/dataset_eeg/gpd/abn2147_20150609_144023_1056_seg_3.mat,EEG,GPD,290754,0.28
data/dataset_eeg/gpd/abn2147_20150609_144023_1057_seg_3.mat,EEG,GPD,290655,0.28
data/dataset_eeg/gpd/abn2147_20150609_144023_1058_seg_3.mat,EEG,GPD,290531,0.28
data/dataset_eeg/gpd/abn2147_20150609_144023_1060_seg_3.mat,EEG,GPD,289780,0.28
data/dataset_eeg/gpd/abn2147_20150609_144023_1061_seg_3.mat,EEG,GPD,289945,0.28
data/dataset_eeg/gpd/abn2147_20150609_144023_1064_seg_3.mat,EEG,GPD,290319,0.28
data/dataset_eeg/gpd/abn2147_20150609_144023_1065_seg_3.mat,EEG,GPD,290521,0.28
data/dataset_eeg/gpd/abn2147_20150609_144023_1077_seg_3.mat,EEG,GPD,290584,0.28
data/dataset_eeg/gpd/abn2147_20150609_144023_1081_seg_3.mat,EEG,GPD,291022,0.28
data/dataset_eeg/gpd/abn2147_20150609_144023_1085_seg_3.mat,EEG,GPD,289578,0.28
data/dataset_eeg/gpd/abn2147_20150609_144023_1086_seg_3.mat,EEG,GPD,289955,0.28
data/dataset_eeg/gpd/abn2147_20150609_144023_1087_seg_3.mat,EEG,GPD,290182,0.28
data/dataset_eeg/gpd/abn2147_20150609_144023_1090_seg_3.mat,EEG,GPD,291012,0.28
data/dataset_eeg/gpd/abn2147_20150609_144023_1093_seg_3.mat,EEG,GPD,290886,0.28
data/dataset_eeg/gpd/abn2147_20150609_144023_1095_seg_3.mat,EEG,GPD,290596,0.28
data/dataset_eeg/gpd/abn2147_20150609_144023_1100_seg_3.mat,EEG,GPD,289218,0.28
data/dataset_eeg/gpd/abn2147_20150609_144023_1101_seg_3.mat,EEG,GPD,289644,0.28
data/dataset_eeg/gpd/abn2147_20150609_144023_1103_seg_3.mat,EEG,GPD,290301,0.28
data/dataset_eeg/gpd/abn2147_20150609_144023_1105_seg_3.mat,EEG,GPD,290086,0.28
data/dataset_eeg/gpd/abn2147_20150609_144023_1106_seg_3.mat,EEG,GPD,289373,0.28
data/dataset_eeg/gpd/abn2147_20150609_144023_1107_seg_3.mat,EEG,GPD,289104,0.28
data/dataset_eeg/gpd/abn2147_20150609_144023_1108_seg_3.mat,EEG,GPD,288939,0.28
data/dataset_eeg/gpd/abn2147_20150609_144023_1110_seg_3.mat,EEG,GPD,289237,0.28
data/dataset_eeg/gpd/abn2147_20150609_144023_1116_seg_3.mat,EEG,GPD,289156,0.28
data/dataset_eeg/gpd/abn2147_20150609_144023_1117_seg_3.mat,EEG,GPD,288646,0.28
data/dataset_eeg/gpd/abn2147_20150609_144023_1122_seg_3.mat,EEG,GPD,289577,0.28
data/dataset_eeg/gpd/abn2147_20150609_144023_1123_seg_3.mat,EEG,GPD,289776,0.28
data/dataset_eeg/gpd/abn2147_20150609_144023_1124_seg_3.mat,EEG,GPD,289537,0.28
data/dataset_eeg/gpd/abn2147_20150609_144023_1127_seg_3.mat,EEG,GPD,288681,0.28
data/dataset_eeg/gpd/abn2147_20150609_144023_1130_seg_3.mat,EEG,GPD,289737,0.28
data/dataset_eeg/gpd/abn2147_20150609_144023_1140_seg_3.mat,EEG,GPD,289558,0.28
data/dataset_eeg/gpd/abn2147_20150609_144023_1141_seg_3.mat,EEG,GPD,288259,0.27
data/dataset_eeg/gpd/abn2147_20150609_144023_1142_seg_3.mat,EEG,GPD,287679,0.27
data/dataset_eeg/gpd/abn2147_20150609_144023_1144_seg_3.mat,EEG,GPD,287580,0.27
data/dataset_eeg/gpd/abn2147_20150609_144023_1146_seg_3.mat,EEG,GPD,289757,0.28
data/dataset_eeg/gpd/abn2147_20150609_144023_1149_seg_3.mat,EEG,GPD,289247,0.28
data/dataset_eeg/gpd/abn2147_20150609_144023_1150_seg_3.mat,EEG,GPD,288350,0.27
data/dataset_eeg/gpd/abn2147_20150609_144023_1151_seg_3.mat,EEG,GPD,288019,0.27
data/dataset_eeg/gpd/abn2147_20150609_144023_1156_seg_3.mat,EEG,GPD,289318,0.28
data/dataset_eeg/gpd/abn2147_20150609_144023_1158_seg_3.mat,EEG,GPD,290559,0.28
data/dataset_eeg/gpd/abn2147_20150609_144023_1161_seg_3.mat,EEG,GPD,290523,0.28
data/dataset_eeg/gpd/abn2147_20150609_144023_1163_seg_3.mat,EEG,GPD,290077,0.28
data/dataset_eeg/gpd/abn2147_20150609_144023_1164_seg_3.mat,EEG,GPD,290158,0.28
data/dataset_eeg/gpd/abn2147_20150609_144023_1167_seg_3.mat,EEG,GPD,290478,0.28
data/dataset_eeg/gpd/abn2147_20150609_144023_1168_seg_3.mat,EEG,GPD,290726,0.28
data/dataset_eeg/gpd/abn2147_20150609_144023_1172_seg_3.mat,EEG,GPD,289821,0.28
data/dataset_eeg/gpd/abn2147_20150609_144023_1174_seg_3.mat,EEG,GPD,289575,0.28
data/dataset_eeg/gpd/abn2147_20150609_144023_1175_seg_3.mat,EEG,GPD,289854,0.28
data/dataset_eeg/gpd/abn2147_20150609_144023_1176_seg_3.mat,EEG,GPD,290384,0.28
data/dataset_eeg/gpd/abn2147_20150609_144023_1178_seg_3.mat,EEG,GPD,291053,0.28
data/dataset_eeg/gpd/abn2147_20150609_144023_1179_seg_3.mat,EEG,GPD,290836,0.28
data/dataset_eeg/gpd/abn2147_20150609_144023_1182_seg_3.mat,EEG,GPD,290655,0.28
data/dataset_eeg/gpd/abn2147_20150609_144023_1183_seg_3.mat,EEG,GPD,290923,0.28
data/dataset_eeg/gpd/abn2147_20150609_144023_1184_seg_3.mat,EEG,GPD,291301,0.28
data/dataset_eeg/gpd/abn2147_20150609_144023_1187_seg_3.mat,EEG,GPD,291269,0.28
data/dataset_eeg/gpd/abn2147_20150609_144023_1189_seg_3.mat,EEG,GPD,291295,0.28
data/dataset_eeg/gpd/abn2147_20150609_144023_1190_seg_3.mat,EEG,GPD,291034,0.28
data/dataset_eeg/gpd/abn2147_20150609_144023_1191_seg_3.mat,EEG,GPD,290958,0.28
data/dataset_eeg/gpd/abn2147_20150609_144023_1192_seg_3.mat,EEG,GPD,290621,0.28
data/dataset_eeg/gpd/abn2147_20150609_144023_1194_seg_3.mat,EEG,GPD,290013,0.28
data/dataset_eeg/gpd/abn2147_20150609_144023_1195_seg_3.mat,EEG,GPD,290171,0.28
data/dataset_eeg/gpd/abn2147_20150609_144023_1203_seg_3.mat,EEG,GPD,290394,0.28
data/dataset_eeg/gpd/abn2147_20150609_144023_1215_seg_3.mat,EEG,GPD,290615,0.28
data/dataset_eeg/gpd/abn2147_20150609_144023_1216_seg_3.mat,EEG,GPD,291343,0.28
data/dataset_eeg/gpd/abn2147_20150609_144023_1217_seg_3.mat,EEG,GPD,290999,0.28
data/dataset_eeg/gpd/abn2147_20150609_144023_1220_seg_3.mat,EEG,GPD,290293,0.28
data/dataset_eeg/gpd/abn2147_20150609_144023_645_seg_3.mat,EEG,GPD,290942,0.28
data/dataset_eeg/gpd/abn2147_20150609_144023_646_seg_3.mat,EEG,GPD,291093,0.28
data/dataset_eeg/gpd/abn2147_20150609_144023_648_seg_3.mat,EEG,GPD,291199,0.28
data/dataset_eeg/gpd/abn2147_20150609_144023_649_seg_3.mat,EEG,GPD,290956,0.28
data/dataset_eeg/gpd/abn2147_20150609_144023_650_seg_3.mat,EEG,GPD,290990,0.28
data/dataset_eeg/gpd/abn2147_20150609_144023_651_seg_3.mat,EEG,GPD,290886,0.28
data/dataset_eeg/gpd/abn2147_20150609_144023_652_seg_3.mat,EEG,GPD,290342,0.28
data/dataset_eeg/gpd/abn2147_20150609_144023_655_seg_3.mat,EEG,GPD,290759,0.28
data/dataset_eeg/gpd/abn2147_20150609_144023_658_seg_3.mat,EEG,GPD,290996,0.28
data/dataset_eeg/gpd/abn2147_20150609_144023_661_seg_3.mat,EEG,GPD,290500,0.28
data/dataset_eeg/gpd/abn2147_20150609_144023_662_seg_3.mat,EEG,GPD,290672,0.28
data/dataset_eeg/gpd/abn2147_20150609_144023_664_seg_3.mat,EEG,GPD,290718,0.28
data/dataset_eeg/gpd/abn2147_20150609_144023_665_seg_3.mat,EEG,GPD,290861,0.28
data/dataset_eeg/gpd/abn2147_20150609_144023_666_seg_3.mat,EEG,GPD,291279,0.28
data/dataset_eeg/gpd/abn2147_20150609_144023_668_seg_3.mat,EEG,GPD,291226,0.28
data/dataset_eeg/gpd/abn2147_20150609_144023_669_seg_3.mat,EEG,GPD,291106,0.28
data/dataset_eeg/gpd/abn2147_20150609_144023_676_seg_3.mat,EEG,GPD,290526,0.28
data/dataset_eeg/gpd/abn2147_20150609_144023_680_seg_3.mat,EEG,GPD,290853,0.28
data/dataset_eeg/gpd/abn2147_20150609_144023_681_seg_3.mat,EEG,GPD,291005,0.28
data/dataset_eeg/gpd/abn2147_20150609_144023_682_seg_3.mat,EEG,GPD,290951,0.28
data/dataset_eeg/gpd/abn2147_20150609_144023_683_seg_3.mat,EEG,GPD,290971,0.28
data/dataset_eeg/gpd/abn2147_20150609_144023_685_seg_3.mat,EEG,GPD,290965,0.28
data/dataset_eeg/gpd/abn2147_20150609_144023_689_seg_3.mat,EEG,GPD,290656,0.28
data/dataset_eeg/gpd/abn2147_20150609_144023_691_seg_3.mat,EEG,GPD,290704,0.28
data/dataset_eeg/gpd/abn2147_20150609_144023_695_seg_3.mat,EEG,GPD,290841,0.28
data/dataset_eeg/gpd/abn2147_20150609_144023_699_seg_3.mat,EEG,GPD,290640,0.28
data/dataset_eeg/gpd/abn2147_20150609_144023_700_seg_3.mat,EEG,GPD,290859,0.28
data/dataset_eeg/gpd/abn2147_20150609_144023_701_seg_3.mat,EEG,GPD,291010,0.28
data/dataset_eeg/gpd/abn2147_20150609_144023_705_seg_3.mat,EEG,GPD,290972,0.28
data/dataset_eeg/gpd/abn2147_20150609_144023_708_seg_3.mat,EEG,GPD,290569,0.28
data/dataset_eeg/gpd/abn2147_20150609_144023_709_seg_3.mat,EEG,GPD,290765,0.28
data/dataset_eeg/gpd/abn2147_20150609_144023_710_seg_3.mat,EEG,GPD,290777,0.28
data/dataset_eeg/gpd/abn2147_20150609_144023_714_seg_3.mat,EEG,GPD,290754,0.28
data/dataset_eeg/gpd/abn2147_20150609_144023_715_seg_3.mat,EEG,GPD,290790,0.28
data/dataset_eeg/gpd/abn2147_20150609_144023_716_seg_3.mat,EEG,GPD,291016,0.28
data/dataset_eeg/gpd/abn2147_20150609_144023_718_seg_3.mat,EEG,GPD,290822,0.28
data/dataset_eeg/gpd/abn2147_20150609_144023_720_seg_3.mat,EEG,GPD,291059,0.28
data/dataset_eeg/gpd/abn2147_20150609_144023_721_seg_3.mat,EEG,GPD,290909,0.28
data/dataset_eeg/gpd/abn2147_20150609_144023_723_seg_3.mat,EEG,GPD,291208,0.28
data/dataset_eeg/gpd/abn2147_20150609_144023_725_seg_3.mat,EEG,GPD,290771,0.28
data/dataset_eeg/gpd/abn2147_20150609_144023_728_seg_3.mat,EEG,GPD,290352,0.28
data/dataset_eeg/gpd/abn2147_20150609_144023_729_seg_3.mat,EEG,GPD,290378,0.28
data/dataset_eeg/gpd/abn2147_20150609_144023_730_seg_3.mat,EEG,GPD,290608,0.28
data/dataset_eeg/gpd/abn2147_20150609_144023_736_seg_3.mat,EEG,GPD,290713,0.28
data/dataset_eeg/gpd/abn2147_20150609_144023_737_seg_3.mat,EEG,GPD,290534,0.28
data/dataset_eeg/gpd/abn2147_20150609_144023_739_seg_3.mat,EEG,GPD,290810,0.28
data/dataset_eeg/gpd/abn2147_20150609_144023_740_seg_3.mat,EEG,GPD,290766,0.28
data/dataset_eeg/gpd/abn2147_20150609_144023_744_seg_3.mat,EEG,GPD,290878,0.28
data/dataset_eeg/gpd/abn2147_20150609_144023_748_seg_3.mat,EEG,GPD,291043,0.28
data/dataset_eeg/gpd/abn2147_20150609_144023_752_seg_3.mat,EEG,GPD,290905,0.28
data/dataset_eeg/gpd/abn2147_20150609_144023_754_seg_3.mat,EEG,GPD,290638,0.28
data/dataset_eeg/gpd/abn2147_20150609_144023_755_seg_3.mat,EEG,GPD,290628,0.28
data/dataset_eeg/gpd/abn2147_20150609_144023_756_seg_3.mat,EEG,GPD,290460,0.28
data/dataset_eeg/gpd/abn2147_20150609_144023_757_seg_3.mat,EEG,GPD,290592,0.28
data/dataset_eeg/gpd/abn2147_20150609_144023_763_seg_3.mat,EEG,GPD,290468,0.28
data/dataset_eeg/gpd/abn2147_20150609_144023_766_seg_3.mat,EEG,GPD,290213,0.28
data/dataset_eeg/gpd/abn2147_20150609_144023_767_seg_3.mat,EEG,GPD,290534,0.28
data/dataset_eeg/gpd/abn2147_20150609_144023_768_seg_3.mat,EEG,GPD,290363,0.28
data/dataset_eeg/gpd/abn2147_20150609_144023_771_seg_3.mat,EEG,GPD,290126,0.28
data/dataset_eeg/gpd/abn2147_20150609_144023_773_seg_3.mat,EEG,GPD,289983,0.28
data/dataset_eeg/gpd/abn2147_20150609_144023_774_seg_3.mat,EEG,GPD,289987,0.28
data/dataset_eeg/gpd/abn2147_20150609_144023_780_seg_3.mat,EEG,GPD,291228,0.28
data/dataset_eeg/gpd/abn2147_20150609_144023_782_seg_3.mat,EEG,GPD,290675,0.28
data/dataset_eeg/gpd/abn2147_20150609_144023_786_seg_3.mat,EEG,GPD,289864,0.28
data/dataset_eeg/gpd/abn2147_20150609_144023_789_seg_3.mat,EEG,GPD,290089,0.28
data/dataset_eeg/gpd/abn2147_20150609_144023_790_seg_3.mat,EEG,GPD,290396,0.28
data/dataset_eeg/gpd/abn2147_20150609_144023_794_seg_3.mat,EEG,GPD,290874,0.28
data/dataset_eeg/gpd/abn2147_20150609_144023_795_seg_3.mat,EEG,GPD,290698,0.28
data/dataset_eeg/gpd/abn2147_20150609_144023_797_seg_3.mat,EEG,GPD,290932,0.28
data/dataset_eeg/gpd/abn2147_20150609_144023_799_seg_3.mat,EEG,GPD,291042,0.28
data/dataset_eeg/gpd/abn2147_20150609_144023_800_seg_3.mat,EEG,GPD,291108,0.28
data/dataset_eeg/gpd/abn2147_20150609_144023_804_seg_3.mat,EEG,GPD,290755,0.28
data/dataset_eeg/gpd/abn2147_20150609_144023_806_seg_3.mat,EEG,GPD,291304,0.28
data/dataset_eeg/gpd/abn2147_20150609_144023_807_seg_3.mat,EEG,GPD,291241,0.28
data/dataset_eeg/gpd/abn2147_20150609_144023_809_seg_3.mat,EEG,GPD,290987,0.28
data/dataset_eeg/gpd/abn2147_20150609_144023_810_seg_3.mat,EEG,GPD,290836,0.28
data/dataset_eeg/gpd/abn2147_20150609_144023_812_seg_3.mat,EEG,GPD,290575,0.28
data/dataset_eeg/gpd/abn2147_20150609_144023_813_seg_3.mat,EEG,GPD,290744,0.28
data/dataset_eeg/gpd/abn2147_20150609_144023_814_seg_3.mat,EEG,GPD,290707,0.28
data/dataset_eeg/gpd/abn2147_20150609_144023_815_seg_3.mat,EEG,GPD,290669,0.28
data/dataset_eeg/gpd/abn2147_20150609_144023_816_seg_3.mat,EEG,GPD,290772,0.28
data/dataset_eeg/gpd/abn2147_20150609_144023_818_seg_3.mat,EEG,GPD,290576,0.28
data/dataset_eeg/gpd/abn2147_20150609_144023_819_seg_3.mat,EEG,GPD,290616,0.28
data/dataset_eeg/gpd/abn2147_20150609_144023_821_seg_3.mat,EEG,GPD,290862,0.28
data/dataset_eeg/gpd/abn2147_20150609_144023_824_seg_3.mat,EEG,GPD,291080,0.28
data/dataset_eeg/gpd/abn2147_20150609_144023_826_seg_3.mat,EEG,GPD,290915,0.28
data/dataset_eeg/gpd/abn2147_20150609_144023_832_seg_3.mat,EEG,GPD,290566,0.28
data/dataset_eeg/gpd/abn2147_20150609_144023_833_seg_3.mat,EEG,GPD,290334,0.28
data/dataset_eeg/gpd/abn2147_20150609_144023_836_seg_3.mat,EEG,GPD,290050,0.28
data/dataset_eeg/gpd/abn2147_20150609_144023_842_seg_3.mat,EEG,GPD,290318,0.28
data/dataset_eeg/gpd/abn2147_20150609_144023_844_seg_3.mat,EEG,GPD,290622,0.28
data/dataset_eeg/gpd/abn2147_20150609_144023_845_seg_3.mat,EEG,GPD,290461,0.28
data/dataset_eeg/gpd/abn2147_20150609_144023_847_seg_3.mat,EEG,GPD,290603,0.28
data/dataset_eeg/gpd/abn2147_20150609_144023_850_seg_3.mat,EEG,GPD,290308,0.28
data/dataset_eeg/gpd/abn2147_20150609_144023_851_seg_3.mat,EEG,GPD,290713,0.28
data/dataset_eeg/gpd/abn2147_20150609_144023_856_seg_3.mat,EEG,GPD,290541,0.28
data/dataset_eeg/gpd/abn2147_20150609_144023_860_seg_3.mat,EEG,GPD,289811,0.28
data/dataset_eeg/gpd/abn2147_20150609_144023_862_seg_3.mat,EEG,GPD,290387,0.28
data/dataset_eeg/gpd/abn2147_20150609_144023_863_seg_3.mat,EEG,GPD,290480,0.28
data/dataset_eeg/gpd/abn2147_20150609_144023_866_seg_3.mat,EEG,GPD,291139,0.28
data/dataset_eeg/gpd/abn2147_20150609_144023_872_seg_3.mat,EEG,GPD,290869,0.28
data/dataset_eeg/gpd/abn2147_20150609_144023_874_seg_3.mat,EEG,GPD,291118,0.28
data/dataset_eeg/gpd/abn2147_20150609_144023_876_seg_3.mat,EEG,GPD,291128,0.28
data/dataset_eeg/gpd/abn2147_20150609_144023_877_seg_3.mat,EEG,GPD,290985,0.28
data/dataset_eeg/gpd/abn2147_20150609_144023_878_seg_3.mat,EEG,GPD,290369,0.28
data/dataset_eeg/gpd/abn2147_20150609_144023_881_seg_3.mat,EEG,GPD,289442,0.28
data/dataset_eeg/gpd/abn2147_20150609_144023_885_seg_3.mat,EEG,GPD,290763,0.28
data/dataset_eeg/gpd/abn2147_20150609_144023_887_seg_3.mat,EEG,GPD,290511,0.28
data/dataset_eeg/gpd/abn2147_20150609_144023_888_seg_3.mat,EEG,GPD,290193,0.28
data/dataset_eeg/gpd/abn2147_20150609_144023_892_seg_3.mat,EEG,GPD,290059,0.28
data/dataset_eeg/gpd/abn2147_20150609_144023_893_seg_3.mat,EEG,GPD,290202,0.28
data/dataset_eeg/gpd/abn2147_20150609_144023_894_seg_3.mat,EEG,GPD,290515,0.28
data/dataset_eeg/gpd/abn2147_20150609_144023_904_seg_3.mat,EEG,GPD,291001,0.28
data/dataset_eeg/gpd/abn2147_20150609_144023_905_seg_3.mat,EEG,GPD,290995,0.28
data/dataset_eeg/gpd/abn2147_20150609_144023_912_seg_3.mat,EEG,GPD,290609,0.28
data/dataset_eeg/gpd/abn2147_20150609_144023_913_seg_3.mat,EEG,GPD,290519,0.28
data/dataset_eeg/gpd/abn2147_20150609_144023_916_seg_3.mat,EEG,GPD,290212,0.28
data/dataset_eeg/gpd/abn2147_20150609_144023_917_seg_3.mat,EEG,GPD,290606,0.28
data/dataset_eeg/gpd/abn2147_20150609_144023_919_seg_3.mat,EEG,GPD,290873,0.28
data/dataset_eeg/gpd/abn2147_20150609_144023_922_seg_3.mat,EEG,GPD,290344,0.28
data/dataset_eeg/gpd/abn2147_20150609_144023_923_seg_3.mat,EEG,GPD,290398,0.28
data/dataset_eeg/gpd/abn2147_20150609_144023_924_seg_3.mat,EEG,GPD,290443,0.28
data/dataset_eeg/gpd/abn2147_20150609_144023_925_seg_3.mat,EEG,GPD,290078,0.28
data/dataset_eeg/gpd/abn2147_20150609_144023_927_seg_3.mat,EEG,GPD,290073,0.28
data/dataset_eeg/gpd/abn2147_20150609_144023_928_seg_3.mat,EEG,GPD,289798,0.28
data/dataset_eeg/gpd/abn2147_20150609_144023_930_seg_3.mat,EEG,GPD,290396,0.28
data/dataset_eeg/gpd/abn2147_20150609_144023_931_seg_3.mat,EEG,GPD,290622,0.28
data/dataset_eeg/gpd/abn2147_20150609_144023_932_seg_3.mat,EEG,GPD,290815,0.28
data/dataset_eeg/gpd/abn2147_20150609_144023_933_seg_3.mat,EEG,GPD,291109,0.28
data/dataset_eeg/gpd/abn2147_20150609_144023_939_seg_3.mat,EEG,GPD,289794,0.28
data/dataset_eeg/gpd/abn2147_20150609_144023_940_seg_3.mat,EEG,GPD,290548,0.28
data/dataset_eeg/gpd/abn2147_20150609_144023_943_seg_3.mat,EEG,GPD,290678,0.28
data/dataset_eeg/gpd/abn2147_20150609_144023_948_seg_3.mat,EEG,GPD,290424,0.28
data/dataset_eeg/gpd/abn2147_20150609_144023_950_seg_3.mat,EEG,GPD,291359,0.28
data/dataset_eeg/gpd/abn2147_20150609_144023_952_seg_3.mat,EEG,GPD,290876,0.28
data/dataset_eeg/gpd/abn2147_20150609_144023_955_seg_3.mat,EEG,GPD,290480,0.28
data/dataset_eeg/gpd/abn2147_20150609_144023_957_seg_3.mat,EEG,GPD,291290,0.28
data/dataset_eeg/gpd/abn2147_20150609_144023_960_seg_3.mat,EEG,GPD,290824,0.28
data/dataset_eeg/gpd/abn2147_20150609_144023_963_seg_3.mat,EEG,GPD,290158,0.28
data/dataset_eeg/gpd/abn2147_20150609_144023_965_seg_3.mat,EEG,GPD,290226,0.28
data/dataset_eeg/gpd/abn2147_20150609_144023_966_seg_3.mat,EEG,GPD,290530,0.28
data/dataset_eeg/gpd/abn2147_20150609_144023_969_seg_3.mat,EEG,GPD,290747,0.28
data/dataset_eeg/gpd/abn2147_20150609_144023_976_seg_3.mat,EEG,GPD,289752,0.28
data/dataset_eeg/gpd/abn2147_20150609_144023_980_seg_3.mat,EEG,GPD,290780,0.28
data/dataset_eeg/gpd/abn2147_20150609_144023_985_seg_3.mat,EEG,GPD,290318,0.28
data/dataset_eeg/gpd/abn2147_20150609_144023_986_seg_3.mat,EEG,GPD,290050,0.28
data/dataset_eeg/gpd/abn2147_20150609_144023_988_seg_3.mat,EEG,GPD,289993,0.28
data/dataset_eeg/gpd/abn2147_20150609_144023_991_seg_3.mat,EEG,GPD,290945,0.28
data/dataset_eeg/gpd/abn2147_20150609_144023_994_seg_3.mat,EEG,GPD,290525,0.28
data/dataset_eeg/gpd/abn2147_20150609_144023_996_seg_3.mat,EEG,GPD,290428,0.28
data/dataset_eeg/gpd/abn2336_20130906_105139_424_seg_3.mat,EEG,GPD,236689,0.23
data/dataset_eeg/gpd/abn2336_20130906_105139_425_seg_3.mat,EEG,GPD,236905,0.23
data/dataset_eeg/gpd/abn2336_20130906_105139_427_seg_3.mat,EEG,GPD,237180,0.23
data/dataset_eeg/gpd/abn4423_20120703_174457_14412_seg_3.mat,EEG,GPD,235449,0.22
data/dataset_eeg/gpd/abn4423_20120703_174457_14414_seg_3.mat,EEG,GPD,235010,0.22
data/dataset_eeg/gpd/abn4423_20120703_174457_14415_seg_3.mat,EEG,GPD,234997,0.22
data/dataset_eeg/gpd/abn4423_20120703_174457_14416_seg_3.mat,EEG,GPD,234826,0.22
data/dataset_eeg/gpd/abn4423_20120703_174457_14417_seg_3.mat,EEG,GPD,234938,0.22
data/dataset_eeg/gpd/abn4423_20120703_174457_14418_seg_3.mat,EEG,GPD,234760,0.22
data/dataset_eeg/gpd/abn4423_20120703_174457_14419_seg_3.mat,EEG,GPD,234993,0.22
data/dataset_eeg/gpd/abn4423_20120703_174457_14420_seg_3.mat,EEG,GPD,234751,0.22
data/dataset_eeg/gpd/abn4423_20120703_174457_14421_seg_3.mat,EEG,GPD,234833,0.22
data/dataset_eeg/gpd/abn4423_20120703_174457_7427_seg_3.mat,EEG,GPD,223186,0.21
data/dataset_eeg/gpd/abn4987_20160405_121750_559_seg_3.mat,EEG,GPD,295010,0.28
data/dataset_eeg/gpd/abn4987_20160405_121750_567_seg_3.mat,EEG,GPD,295145,0.28
data/dataset_eeg/gpd/abn4987_20160405_121750_571_seg_3.mat,EEG,GPD,295171,0.28
data/dataset_eeg/gpd/abn4987_20160405_121750_573_seg_3.mat,EEG,GPD,294748,0.28
data/dataset_eeg/gpd/abn4987_20160405_121750_575_seg_3.mat,EEG,GPD,294888,0.28
data/dataset_eeg/gpd/abn4987_20160405_121750_577_seg_3.mat,EEG,GPD,294904,0.28
data/dataset_eeg/gpd/abn4987_20160405_121750_578_seg_3.mat,EEG,GPD,294783,0.28
data/dataset_eeg/gpd/abn4987_20160405_121750_582_seg_3.mat,EEG,GPD,295050,0.28
data/dataset_eeg/gpd/abn4987_20160405_121750_583_seg_3.mat,EEG,GPD,295245,0.28
data/dataset_eeg/gpd/abn4987_20160405_121750_585_seg_3.mat,EEG,GPD,295310,0.28
data/dataset_eeg/gpd/abn4987_20160405_121750_588_seg_3.mat,EEG,GPD,295166,0.28
data/dataset_eeg/gpd/abn4987_20160405_121750_593_seg_3.mat,EEG,GPD,295434,0.28
data/dataset_eeg/gpd/abn4987_20160405_121750_595_seg_3.mat,EEG,GPD,295523,0.28
data/dataset_eeg/gpd/abn4987_20160405_121750_597_seg_3.mat,EEG,GPD,295008,0.28
data/dataset_eeg/gpd/abn4987_20160405_121750_598_seg_3.mat,EEG,GPD,294788,0.28
data/dataset_eeg/gpd/abn4987_20160405_121750_599_seg_3.mat,EEG,GPD,294592,0.28
data/dataset_eeg/gpd/abn4987_20160405_121750_601_seg_3.mat,EEG,GPD,294519,0.28
data/dataset_eeg/gpd/abn4987_20160405_121750_603_seg_3.mat,EEG,GPD,294636,0.28
data/dataset_eeg/gpd/abn4987_20160405_121750_604_seg_3.mat,EEG,GPD,294524,0.28
data/dataset_eeg/gpd/abn4987_20160405_121750_610_seg_3.mat,EEG,GPD,293623,0.28
data/dataset_eeg/gpd/abn4987_20160405_121750_611_seg_3.mat,EEG,GPD,293740,0.28
data/dataset_eeg/gpd/abn4987_20160405_121750_619_seg_3.mat,EEG,GPD,294701,0.28
data/dataset_eeg/gpd/abn4987_20160405_121750_625_seg_3.mat,EEG,GPD,294989,0.28
data/dataset_eeg/gpd/abn4987_20160405_121750_626_seg_3.mat,EEG,GPD,294709,0.28
data/dataset_eeg/gpd/abn4987_20160405_121750_629_seg_3.mat,EEG,GPD,294722,0.28
data/dataset_eeg/gpd/abn4987_20160405_121750_631_seg_3.mat,EEG,GPD,295191,0.28
data/dataset_eeg/gpd/abn4987_20160405_121750_637_seg_3.mat,EEG,GPD,295007,0.28
data/dataset_eeg/gpd/abn4987_20160405_121750_638_seg_3.mat,EEG,GPD,295014,0.28
data/dataset_eeg/gpd/abn4987_20160405_121750_641_seg_3.mat,EEG,GPD,294828,0.28
data/dataset_eeg/gpd/abn4987_20160405_121750_645_seg_3.mat,EEG,GPD,295579,0.28
data/dataset_eeg/gpd/abn4987_20160405_121750_649_seg_3.mat,EEG,GPD,295123,0.28
data/dataset_eeg/gpd/abn4987_20160405_121750_650_seg_3.mat,EEG,GPD,295056,0.28
data/dataset_eeg/gpd/abn4987_20160405_121750_654_seg_3.mat,EEG,GPD,295118,0.28
data/dataset_eeg/gpd/abn4987_20160405_121750_655_seg_3.mat,EEG,GPD,294841,0.28
data/dataset_eeg/lpd/abn1047_20141222_080922_1858_seg_3.mat,EEG,LPD,293386,0.28
data/dataset_eeg/lpd/abn1047_20141222_080922_1876_seg_3.mat,EEG,LPD,293422,0.28
data/dataset_eeg/lpd/abn1047_20141222_080922_1883_seg_3.mat,EEG,LPD,292617,0.28
data/dataset_eeg/lpd/abn1047_20141222_080922_1887_seg_3.mat,EEG,LPD,293181,0.28
data/dataset_eeg/lpd/abn1047_20141222_080922_1916_seg_3.mat,EEG,LPD,293159,0.28
data/dataset_eeg/lpd/abn1047_20141222_080922_1928_seg_3.mat,EEG,LPD,292161,0.28
data/dataset_eeg/lpd/abn1047_20141222_080922_1941_seg_3.mat,EEG,LPD,292396,0.28
data/dataset_eeg/lpd/abn1047_20141222_080922_1975_seg_3.mat,EEG,LPD,292548,0.28
data/dataset_eeg/lpd/abn1047_20141222_080922_1987_seg_3.mat,EEG,LPD,292910,0.28
data/dataset_eeg/lpd/abn1047_20141222_080922_1988_seg_3.mat,EEG,LPD,293157,0.28
data/dataset_eeg/lpd/abn1047_20141222_080922_2025_seg_3.mat,EEG,LPD,290530,0.28
data/dataset_eeg/lpd/abn11960_20160310_080445_2587_seg_3.mat,EEG,LPD,295867,0.28
data/dataset_eeg/lpd/abn11960_20160310_080445_2588_seg_3.mat,EEG,LPD,295965,0.28
data/dataset_eeg/lpd/abn11960_20160603_124337_3410_seg_3.mat,EEG,LPD,293970,0.28
data/dataset_eeg/lpd/abn12400_20110919_123737_2091_seg_3.mat,EEG,LPD,236456,0.23
data/dataset_eeg/lpd/abn12400_20110919_123737_2093_seg_3.mat,EEG,LPD,236878,0.23
data/dataset_eeg/lpd/abn12400_20110919_123737_2097_seg_3.mat,EEG,LPD,236051,0.23
data/dataset_eeg/lpd/abn12400_20110919_123737_2099_seg_3.mat,EEG,LPD,235966,0.23
data/dataset_eeg/lpd/abn12400_20110919_123737_2101_seg_3.mat,EEG,LPD,236303,0.23
data/dataset_eeg/lpd/abn12400_20110919_123737_2103_seg_3.mat,EEG,LPD,235808,0.22
data/dataset_eeg/lpd/abn12400_20110919_123737_2106_seg_3.mat,EEG,LPD,236280,0.23
data/dataset_eeg/lpd/abn12400_20110919_123737_2108_seg_3.mat,EEG,LPD,236697,0.23
data/dataset_eeg/lpd/abn12400_20110919_123737_2112_seg_3.mat,EEG,LPD,236563,0.23
data/dataset_eeg/lpd/abn12400_20110919_123737_2215_seg_3.mat,EEG,LPD,236875,0.23
data/dataset_eeg/lpd/abn12400_20110919_123737_2217_seg_3.mat,EEG,LPD,236518,0.23
data/dataset_eeg/lpd/abn12459_20110712_104944_1592_seg_3.mat,EEG,LPD,234055,0.22
data/dataset_eeg/lpd/abn12459_20110712_104944_1593_seg_3.mat,EEG,LPD,234127,0.22
data/dataset_eeg/lpd/abn12459_20110712_104944_1594_seg_3.mat,EEG,LPD,234382,0.22
data/dataset_eeg/lpd/abn12459_20110712_104944_1600_seg_3.mat,EEG,LPD,235294,0.22
data/dataset_eeg/lpd/abn13729_20140707_104037_504_seg_3.mat,EEG,LPD,295425,0.28
data/dataset_eeg/lpd/abn13729_20140707_104037_505_seg_3.mat,EEG,LPD,295378,0.28
data/dataset_eeg/lpd/abn13729_20140707_104037_506_seg_3.mat,EEG,LPD,295215,0.28
data/dataset_eeg/lpd/abn13729_20140707_104037_507_seg_3.mat,EEG,LPD,294310,0.28
data/dataset_eeg/lpd/abn13729_20140707_104037_508_seg_3.mat,EEG,LPD,294118,0.28
data/dataset_eeg/lpd/abn13729_20140707_104037_511_seg_3.mat,EEG,LPD,294635,0.28
data/dataset_eeg/lpd/abn13729_20140707_104037_514_seg_3.mat,EEG,LPD,295348,0.28
data/dataset_eeg/lpd/abn13729_20140707_104037_516_seg_3.mat,EEG,LPD,295306,0.28
data/dataset_eeg/lpd/abn13729_20140707_104037_518_seg_3.mat,EEG,LPD,295621,0.28
data/dataset_eeg/lpd/abn1383_20130410_103759_3338_seg_3.mat,EEG,LPD,237423,0.23
data/dataset_eeg/lpd/abn1383_20130410_103759_3339_seg_3.mat,EEG,LPD,237845,0.23
data/dataset_eeg/lpd/abn1383_20130410_103759_3340_seg_3.mat,EEG,LPD,237650,0.23
data/dataset_eeg/lpd/abn1383_20130410_103759_3341_seg_3.mat,EEG,LPD,237653,0.23
data/dataset_eeg/lpd/abn1383_20130410_103759_3346_seg_3.mat,EEG,LPD,237106,0.23
data/dataset_eeg/lpd/abn1762_20180428_125520_2940_seg_3.mat,EEG,LPD,292262,0.28
data/dataset_eeg/lpd/abn1762_20180428_125520_2941_seg_3.mat,EEG,LPD,292325,0.28
data/dataset_eeg/lpd/abn1762_20180428_125520_2944_seg_3.mat,EEG,LPD,292415,0.28
data/dataset_eeg/lpd/abn1762_20180428_125520_2945_seg_3.mat,EEG,LPD,292592,0.28
data/dataset_eeg/lpd/abn1762_20180428_125520_2948_seg_3.mat,EEG,LPD,293060,0.28
data/dataset_eeg/lpd/abn1762_20180428_125520_2950_seg_3.mat,EEG,LPD,292994,0.28
data/dataset_eeg/lpd/abn1762_20180428_125520_2955_seg_3.mat,EEG,LPD,293522,0.28
data/dataset_eeg/lpd/abn2747_20130723_163619_1285_seg_3.mat,EEG,LPD,292385,0.28
data/dataset_eeg/lpd/abn2747_20130723_163619_1287_seg_3.mat,EEG,LPD,294205,0.28
data/dataset_eeg/lpd/abn2747_20130723_163619_1290_seg_3.mat,EEG,LPD,294515,0.28
data/dataset_eeg/lpd/abn2747_20130723_163619_1292_seg_3.mat,EEG,LPD,293495,0.28
data/dataset_eeg/lpd/abn2747_20130723_163619_1296_seg_3.mat,EEG,LPD,293915,0.28
data/dataset_eeg/lpd/abn2747_20130723_163619_1299_seg_3.mat,EEG,LPD,295007,0.28
data/dataset_eeg/lpd/abn2747_20130723_163619_1300_seg_3.mat,EEG,LPD,294632,0.28
data/dataset_eeg/lpd/abn2747_20130723_163619_1301_seg_3.mat,EEG,LPD,294117,0.28
data/dataset_eeg/lpd/abn2747_20130723_163619_1306_seg_3.mat,EEG,LPD,293322,0.28
data/dataset_eeg/lpd/abn2947_20140224_081349_2043_seg_3.mat,EEG,LPD,290520,0.28
data/dataset_eeg/lpd/abn2947_20140224_081349_2044_seg_3.mat,EEG,LPD,291117,0.28
data/dataset_eeg/lpd/abn2947_20140224_081349_2047_seg_3.mat,EEG,LPD,291404,0.28
data/dataset_eeg/lpd/abn2947_20140224_081349_2048_seg_3.mat,EEG,LPD,291189,0.28
data/dataset_eeg/lpd/abn2947_20140224_081349_2049_seg_3.mat,EEG,LPD,291337,0.28
data/dataset_eeg/lpd/abn2947_20140224_081349_2050_seg_3.mat,EEG,LPD,291397,0.28
data/dataset_eeg/lpd/abn2947_20140224_081349_2051_seg_3.mat,EEG,LPD,291085,0.28
data/dataset_eeg/lpd/abn2947_20140224_081349_2052_seg_3.mat,EEG,LPD,291054,0.28
data/dataset_eeg/lpd/abn2947_20140224_081349_2055_seg_3.mat,EEG,LPD,291452,0.28
data/dataset_eeg/lpd/abn2947_20140224_081349_2365_seg_3.mat,EEG,LPD,291384,0.28
data/dataset_eeg/lpd/abn2947_20140224_081349_2377_seg_3.mat,EEG,LPD,291020,0.28
data/dataset_eeg/lpd/abn2947_20140224_081349_2382_seg_3.mat,EEG,LPD,290277,0.28
data/dataset_eeg/lpd/abn2947_20140224_081349_2394_seg_3.mat,EEG,LPD,291135,0.28
data/dataset_eeg/lpd/abn2947_20140224_081349_2398_seg_3.mat,EEG,LPD,290219,0.28
data/dataset_eeg/lpd/abn2947_20140224_081349_2401_seg_3.mat,EEG,LPD,289909,0.28
data/dataset_eeg/lpd/abn2947_20140224_081349_2402_seg_3.mat,EEG,LPD,290412,0.28
data/dataset_eeg/lpd/abn5053_20130717_120648_1923_seg_3.mat,EEG,LPD,239195,0.23
data/dataset_eeg/lpd/abn5053_20130717_120648_1957_seg_3.mat,EEG,LPD,238978,0.23
data/dataset_eeg/lpd/abn5053_20130717_120648_1959_seg_3.mat,EEG,LPD,238772,0.23
data/dataset_eeg/lpd/abn5053_20130717_120648_1972_seg_3.mat,EEG,LPD,239040,0.23
data/dataset_eeg/lpd/abn5053_20130717_120648_1976_seg_3.mat,EEG,LPD,239558,0.23
data/dataset_eeg/lpd/abn5053_20130717_120648_1986_seg_3.mat,EEG,LPD,239455,0.23
data/dataset_eeg/lpd/abn5053_20130717_120648_1997_seg_3.mat,EEG,LPD,239056,0.23
data/dataset_eeg/lpd/abn5053_20130717_120648_2001_seg_3.mat,EEG,LPD,239302,0.23
data/dataset_eeg/lpd/abn5053_20130717_120648_2007_seg_3.mat,EEG,LPD,239453,0.23
data/dataset_eeg/lpd/abn5053_20130717_120648_2009_seg_3.mat,EEG,LPD,239479,0.23
data/dataset_eeg/lpd/abn5053_20130717_120648_2027_seg_3.mat,EEG,LPD,238913,0.23
data/dataset_eeg/lpd/abn5053_20130717_120648_2037_seg_3.mat,EEG,LPD,238882,0.23
data/dataset_eeg/lpd/abn5053_20130717_120648_2040_seg_3.mat,EEG,LPD,239313,0.23
data/dataset_eeg/lpd/abn5891_20151029_085516_2216_seg_3.mat,EEG,LPD,292171,0.28
data/dataset_eeg/lpd/abn5891_20151029_085516_2219_seg_3.mat,EEG,LPD,292396,0.28
data/dataset_eeg/lpd/abn5891_20151029_085516_2220_seg_3.mat,EEG,LPD,292747,0.28
data/dataset_eeg/lpd/abn5891_20151029_085516_2222_seg_3.mat,EEG,LPD,292977,0.28
data/dataset_eeg/lpd/abn5891_20151029_085516_2224_seg_3.mat,EEG,LPD,292489,0.28
data/dataset_eeg/lpd/abn5891_20151029_085516_2226_seg_3.mat,EEG,LPD,292304,0.28
data/dataset_eeg/lpd/abn5891_20151029_085516_2228_seg_3.mat,EEG,LPD,292461,0.28
data/dataset_eeg/lpd/abn5891_20151029_085516_2229_seg_3.mat,EEG,LPD,293013,0.28
data/dataset_eeg/lpd/abn5891_20151029_085516_2231_seg_3.mat,EEG,LPD,293316,0.28
data/dataset_eeg/lpd/abn5891_20151029_085516_2232_seg_3.mat,EEG,LPD,293474,0.28
data/dataset_eeg/lpd/abn5891_20151029_085516_2233_seg_3.mat,EEG,LPD,293433,0.28
data/dataset_eeg/lpd/abn5891_20151029_085516_2549_seg_3.mat,EEG,LPD,238609,0.23
data/dataset_eeg/lpd/abn5891_20151029_085516_2580_seg_3.mat,EEG,LPD,290761,0.28
data/dataset_eeg/lpd/abn5891_20151029_085516_2583_seg_3.mat,EEG,LPD,290752,0.28
data/dataset_eeg/lpd/abn5891_20151029_085516_2586_seg_3.mat,EEG,LPD,290731,0.28
data/dataset_eeg/lpd/abn5891_20151029_085516_2589_seg_3.mat,EEG,LPD,290849,0.28
data/dataset_eeg/lpd/abn5891_20151029_085516_2590_seg_3.mat,EEG,LPD,290781,0.28
data/dataset_eeg/lpd/abn6077_20141215_084420_223_seg_3.mat,EEG,LPD,285713,0.27
data/dataset_eeg/lpd/abn6077_20141215_084420_313_seg_3.mat,EEG,LPD,288036,0.27
data/dataset_eeg/lpd/abn6077_20141215_084420_370_seg_3.mat,EEG,LPD,290646,0.28
data/dataset_eeg/lpd/abn6077_20141215_084420_430_seg_3.mat,EEG,LPD,289393,0.28
data/dataset_eeg/lpd/abn6077_20141215_084420_448_seg_3.mat,EEG,LPD,290420,0.28
data/dataset_eeg/lpd/abn6077_20141215_084420_506_seg_3.mat,EEG,LPD,290426,0.28
data/dataset_eeg/lpd/abn6077_20141215_084420_639_seg_3.mat,EEG,LPD,290285,0.28
data/dataset_eeg/lpd/abn798_20101130_095853_3264_seg_3.mat,EEG,LPD,235418,0.22
data/dataset_eeg/lpd/abn798_20101130_095853_3270_seg_3.mat,EEG,LPD,236243,0.23
data/dataset_eeg/lpd/abn798_20101130_095853_3276_seg_3.mat,EEG,LPD,234960,0.22
data/dataset_eeg/lpd/abn798_20101130_095853_3341_seg_3.mat,EEG,LPD,236275,0.23
data/dataset_eeg/lpd/abn798_20101130_095853_3350_seg_3.mat,EEG,LPD,236055,0.23
data/dataset_eeg/lpd/abn798_20101130_095853_3359_seg_3.mat,EEG,LPD,235892,0.22
data/dataset_eeg/lpd/abn798_20101130_095853_3367_seg_3.mat,EEG,LPD,235451,0.22
data/dataset_eeg/lpd/abn798_20101130_095853_3378_seg_3.mat,EEG,LPD,236873,0.23
data/dataset_eeg/lpd/abn798_20101130_095853_3412_seg_3.mat,EEG,LPD,236763,0.23
data/dataset_eeg/lpd/emu111_20140916_002254_8336_seg_3.mat,EEG,LPD,297418,0.28
data/dataset_eeg/lpd/emu111_20140916_002254_8337_seg_3.mat,EEG,LPD,297097,0.28
data/dataset_eeg/lpd/emu156_20150305_074049_3854_seg_3.mat,EEG,LPD,297446,0.28
data/dataset_eeg/lpd/emu156_20150305_074049_3857_seg_3.mat,EEG,LPD,298051,0.28
data/dataset_eeg/lpd/emu156_20150306_080756_19091_seg_3.mat,EEG,LPD,295511,0.28
data/dataset_eeg/lpd/emu156_20150306_080756_19092_seg_3.mat,EEG,LPD,295497,0.28
data/dataset_eeg/lpd/emu156_20150306_080756_19094_seg_3.mat,EEG,LPD,296364,0.28
data/dataset_eeg/lpd/emu156_20150306_080756_19097_seg_3.mat,EEG,LPD,296448,0.28
data/dataset_eeg/lpd/emu246_20180624_213142_12495_seg_3.mat,EEG,LPD,294636,0.28
data/dataset_eeg/lpd/emu246_20180624_213142_12497_seg_3.mat,EEG,LPD,294090,0.28
data/dataset_eeg/lpd/emu246_20180624_213142_12499_seg_3.mat,EEG,LPD,294085,0.28
data/dataset_eeg/lpd/emu246_20180624_213142_12500_seg_3.mat,EEG,LPD,293994,0.28
data/dataset_eeg/lpd/emu246_20180624_213142_12505_seg_3.mat,EEG,LPD,291469,0.28
data/dataset_eeg/lpd/emu247_20170617_074957_3123_seg_3.mat,EEG,LPD,294413,0.28
data/dataset_eeg/lpd/emu247_20170617_074957_3125_seg_3.mat,EEG,LPD,294708,0.28
data/dataset_eeg/lpd/emu24_20170401_002629_1844_seg_3.mat,EEG,LPD,293845,0.28
data/dataset_eeg/lpd/emu24_20170401_002629_1845_seg_3.mat,EEG,LPD,294002,0.28
data/dataset_eeg/lpd/emu24_20170401_002629_1846_seg_3.mat,EEG,LPD,294263,0.28
data/dataset_eeg/lpd/emu268_20140107_064616_395_seg_3.mat,EEG,LPD,289445,0.28
data/dataset_eeg/lpd/emu278_20150224_185525_19164_seg_3.mat,EEG,LPD,296837,0.28
data/dataset_eeg/lpd/emu278_20150224_185525_19165_seg_3.mat,EEG,LPD,295922,0.28
data/dataset_eeg/lpd/emu278_20150224_185525_19166_seg_3.mat,EEG,LPD,295746,0.28
data/dataset_eeg/lpd/emu375_20170430_052054_4210_seg_3.mat,EEG,LPD,294810,0.28
data/dataset_eeg/lpd/emu375_20170430_052054_4212_seg_3.mat,EEG,LPD,293807,0.28
data/dataset_eeg/lpd/emu375_20170430_052054_4215_seg_3.mat,EEG,LPD,293790,0.28
data/dataset_eeg/lpd/emu375_20170501_082450_13609_seg_3.mat,EEG,LPD,294648,0.28
data/dataset_eeg/lpd/emu386_20160427_000726_5885_seg_3.mat,EEG,LPD,291886,0.28
data/dataset_eeg/lpd/emu386_20160427_000726_5886_seg_3.mat,EEG,LPD,291962,0.28
data/dataset_eeg/lpd/emu63_20100922_161711_9495_seg_3.mat,EEG,LPD,294849,0.28
data/dataset_eeg/lpd/emu63_20100922_161711_9500_seg_3.mat,EEG,LPD,295451,0.28
data/dataset_eeg/lpd/emu63_20100922_161711_9502_seg_3.mat,EEG,LPD,295585,0.28
data/dataset_eeg/lpd/emu63_20100922_161711_9503_seg_3.mat,EEG,LPD,295501,0.28
data/dataset_eeg/lpd/emu63_20100922_161711_9505_seg_3.mat,EEG,LPD,294267,0.28
data/dataset_eeg/lpd/emu70_20150714_203013_17306_seg_3.mat,EEG,LPD,291082,0.28
data/dataset_eeg/lpd/emu70_20150714_203013_17310_seg_3.mat,EEG,LPD,291577,0.28
data/dataset_eeg/lpd/emu70_20150714_203013_17311_seg_3.mat,EEG,LPD,290972,0.28
data/dataset_eeg/lpd/emu70_20150714_203013_17312_seg_3.mat,EEG,LPD,290568,0.28
data/dataset_eeg/lpd/emu70_20150714_203013_17314_seg_3.mat,EEG,LPD,290567,0.28
data/dataset_eeg/lpd/emu70_20150714_203013_17315_seg_3.mat,EEG,LPD,290693,0.28
data/dataset_eeg/lpd/emu70_20150714_203013_4568_seg_3.mat,EEG,LPD,294736,0.28
data/dataset_eeg/lpd/emu70_20150714_203013_4569_seg_3.mat,EEG,LPD,295185,0.28
data/dataset_eeg/lpd/emu70_20150714_203013_4570_seg_3.mat,EEG,LPD,295240,0.28
data/dataset_eeg/lpd/emu70_20150714_203013_4571_seg_3.mat,EEG,LPD,295464,0.28
data/dataset_eeg/lpd/pat0036_20180622_145536_4847_seg_3.mat,EEG,LPD,297747,0.28
data/dataset_eeg/lpd/pat0036_20180622_145536_4849_seg_3.mat,EEG,LPD,297858,0.28
data/dataset_eeg/lpd/pat0036_20180622_145536_4851_seg_3.mat,EEG,LPD,297892,0.28
data/dataset_eeg/lpd/pat0036_20180622_145536_4852_seg_3.mat,EEG,LPD,297679,0.28
data/dataset_eeg/lpd/pat0036_20180622_145536_4853_seg_3.mat,EEG,LPD,297441,0.28
data/dataset_eeg/lpd/pat0036_20180622_145536_4855_seg_3.mat,EEG,LPD,296721,0.28
data/dataset_eeg/lpd/pat0036_20180622_145536_4856_seg_3.mat,EEG,LPD,297044,0.28
data/dataset_eeg/lpd/pat0036_20180622_145536_4858_seg_3.mat,EEG,LPD,297144,0.28
data/dataset_eeg/lpd/pat0036_20180622_145536_4862_seg_3.mat,EEG,LPD,297489,0.28
data/dataset_eeg/lpd/pat0036_20180622_145536_4864_seg_3.mat,EEG,LPD,297390,0.28
data/dataset_eeg/lpd/pat0036_20180622_145536_4865_seg_3.mat,EEG,LPD,297371,0.28
data/dataset_eeg/lpd/pat0036_20180622_145536_4869_seg_3.mat,EEG,LPD,297412,0.28
data/dataset_eeg/lpd/pat0036_20180622_145536_4871_seg_3.mat,EEG,LPD,297497,0.28
data/dataset_eeg/lpd/pat0036_20180622_145536_4878_seg_3.mat,EEG,LPD,297554,0.28
data/dataset_eeg/lpd/pat0045_20170223_013357_10367_seg_3.mat,EEG,LPD,294329,0.28
data/dataset_eeg/lpd/pat0045_20170223_013357_10368_seg_3.mat,EEG,LPD,294531,0.28
data/dataset_eeg/lpd/pat0045_20170223_013357_10369_seg_3.mat,EEG,LPD,294604,0.28
data/dataset_eeg/lpd/pat0045_20170223_013357_10371_seg_3.mat,EEG,LPD,294603,0.28
data/dataset_eeg/lpd/pat0045_20170223_013357_10373_seg_3.mat,EEG,LPD,294249,0.28
data/dataset_eeg/lpd/pat0048_20180830_162523_15734_seg_3.mat,EEG,LPD,293912,0.28
data/dataset_eeg/lpd/pat0048_20180830_162523_15739_seg_3.mat,EEG,LPD,294542,0.28
data/dataset_eeg/lpd/pat0048_20180830_162523_15740_seg_3.mat,EEG,LPD,294473,0.28
data/dataset_eeg/lpd/pat0048_20180830_162523_15741_seg_3.mat,EEG,LPD,294435,0.28
data/dataset_eeg/lpd/pat0048_20180830_162523_16557_seg_3.mat,EEG,LPD,294177,0.28
data/dataset_eeg/lpd/pat0048_20180830_162523_16559_seg_3.mat,EEG,LPD,294438,0.28
data/dataset_eeg/lpd/pat0048_20180830_162523_16560_seg_3.mat,EEG,LPD,294758,0.28
data/dataset_eeg/lpd/pat0048_20180830_162523_16561_seg_3.mat,EEG,LPD,294801,0.28
data/dataset_eeg/lpd/pat0048_20180830_162523_16562_seg_3.mat,EEG,LPD,294815,0.28
data/dataset_eeg/lpd/pat0048_20180830_162523_16563_seg_3.mat,EEG,LPD,295061,0.28
data/dataset_eeg/lpd/pat0048_20180830_162523_16564_seg_3.mat,EEG,LPD,295187,0.28
data/dataset_eeg/lpd/pat0048_20180830_162523_16565_seg_3.mat,EEG,LPD,295384,0.28
data/dataset_eeg/lpd/pat0048_20180830_162523_16570_seg_3.mat,EEG,LPD,296015,0.28
data/dataset_eeg/lpd/pat0048_20180830_162523_16572_seg_3.mat,EEG,LPD,295423,0.28
data/dataset_eeg/lpd/pat0048_20180830_162523_16573_seg_3.mat,EEG,LPD,295090,0.28
data/dataset_eeg/lpd/pat0057_20151001_120629_2063_seg_3.mat,EEG,LPD,293312,0.28
data/dataset_eeg/lpd/pat0068_20160625_101605_14892_seg_3.mat,EEG,LPD,292220,0.28
data/dataset_eeg/lpd/pat0068_20160625_101605_14893_seg_3.mat,EEG,LPD,292562,0.28
data/dataset_eeg/lpd/pat0068_20160625_101605_14894_seg_3.mat,EEG,LPD,291882,0.28
data/dataset_eeg/lpd/pat0068_20160625_101605_14896_seg_3.mat,EEG,LPD,291948,0.28
data/dataset_eeg/lpd/pat0068_20160625_101605_14898_seg_3.mat,EEG,LPD,291549,0.28
data/dataset_eeg/lpd/pat0068_20160625_101605_14900_seg_3.mat,EEG,LPD,292604,0.28
data/dataset_eeg/lpd/pat0068_20160625_101605_14901_seg_3.mat,EEG,LPD,292553,0.28
data/dataset_eeg/lpd/pat0068_20160625_101605_14902_seg_3.mat,EEG,LPD,292165,0.28
data/dataset_eeg/lpd/pat0068_20160625_101605_14903_seg_3.mat,EEG,LPD,292007,0.28
data/dataset_eeg/lpd/pat0068_20160625_101605_14905_seg_3.mat,EEG,LPD,291690,0.28
data/dataset_eeg/lpd/pat0068_20160625_101605_14906_seg_3.mat,EEG,LPD,291143,0.28
data/dataset_eeg/lpd/pat0068_20160625_101605_14907_seg_3.mat,EEG,LPD,291466,0.28
data/dataset_eeg/lpd/pat0068_20160625_101605_14908_seg_3.mat,EEG,LPD,291666,0.28
data/dataset_eeg/lpd/pat0068_20160625_101605_14911_seg_3.mat,EEG,LPD,292478,0.28
data/dataset_eeg/lpd/pat0078_20181130_145252_1769_seg_3.mat,EEG,LPD,293993,0.28
data/dataset_eeg/lpd/pat0078_20181130_145252_1771_seg_3.mat,EEG,LPD,293910,0.28
data/dataset_eeg/lpd/pat0078_20181130_145252_1772_seg_3.mat,EEG,LPD,294191,0.28
data/dataset_eeg/lpd/pat0078_20181130_145252_1773_seg_3.mat,EEG,LPD,294797,0.28
data/dataset_eeg/lpd/pat0078_20181130_145252_1776_seg_3.mat,EEG,LPD,295101,0.28
data/dataset_eeg/lpd/pat0078_20181130_145252_1777_seg_3.mat,EEG,LPD,295196,0.28
data/dataset_eeg/lpd/pat0078_20181130_145252_1778_seg_3.mat,EEG,LPD,294942,0.28
data/dataset_eeg/lpd/pat0078_20181130_145252_1780_seg_3.mat,EEG,LPD,294868,0.28
data/dataset_eeg/lpd/pat0078_20181130_145252_1782_seg_3.mat,EEG,LPD,294800,0.28
data/dataset_eeg/lpd/pat0078_20181130_145252_1785_seg_3.mat,EEG,LPD,294738,0.28
data/dataset_eeg/lpd/pat0078_20181130_145252_1789_seg_3.mat,EEG,LPD,294913,0.28
data/dataset_eeg/lpd/pat0081_20130705_234428_1681_seg_3.mat,EEG,LPD,291193,0.28
data/dataset_eeg/lpd/pat0084_20180718_013512_8564_seg_3.mat,EEG,LPD,293531,0.28
data/dataset_eeg/lpd/pat0084_20180718_013512_8565_seg_3.mat,EEG,LPD,293887,0.28
data/dataset_eeg/lpd/pat0084_20180718_013512_8566_seg_3.mat,EEG,LPD,293337,0.28
data/dataset_eeg/lpd/pat0084_20180718_013512_8567_seg_3.mat,EEG,LPD,293054,0.28
data/dataset_eeg/lpd/pat0089_20130719_115807_3725_seg_3.mat,EEG,LPD,282067,0.27
data/dataset_eeg/lpd/pat0089_20130719_115807_3726_seg_3.mat,EEG,LPD,282410,0.27
data/dataset_eeg/lpd/pat0089_20130719_115807_3730_seg_3.mat,EEG,LPD,282545,0.27
data/dataset_eeg/lpd/pat0089_20130719_115807_3731_seg_3.mat,EEG,LPD,282615,0.27
data/dataset_eeg/lpd/pat0089_20130719_115807_7482_seg_3.mat,EEG,LPD,279482,0.27
data/dataset_eeg/lpd/pat0089_20130719_115807_853_seg_3.mat,EEG,LPD,281478,0.27
data/dataset_eeg/lpd/pat0089_20130719_115807_857_seg_3.mat,EEG,LPD,281713,0.27
data/dataset_eeg/lpd/pat0089_20130719_115807_858_seg_3.mat,EEG,LPD,282152,0.27
data/dataset_eeg/lpd/pat0089_20130719_115807_859_seg_3.mat,EEG,LPD,281803,0.27
data/dataset_eeg/lpd/pat0089_20130719_115807_861_seg_3.mat,EEG,LPD,281711,0.27
data/dataset_eeg/lpd/pat0089_20130719_115807_863_seg_3.mat,EEG,LPD,281728,0.27
data/dataset_eeg/lpd/pat0090_20130327_100825_634_seg_3.mat,EEG,LPD,291665,0.28
data/dataset_eeg/lpd/pat0090_20130327_100825_639_seg_3.mat,EEG,LPD,292250,0.28
data/dataset_eeg/lpd/pat0090_20130327_100825_640_seg_3.mat,EEG,LPD,292518,0.28
data/dataset_eeg/lpd/pat0090_20130327_100825_646_seg_3.mat,EEG,LPD,292921,0.28
data/dataset_eeg/lpd/pat0090_20130327_100825_647_seg_3.mat,EEG,LPD,292977,0.28
data/dataset_eeg/lpd/pat0090_20130327_100825_653_seg_3.mat,EEG,LPD,293229,0.28
data/dataset_eeg/lpd/pat0090_20130327_100825_656_seg_3.mat,EEG,LPD,292957,0.28
data/dataset_eeg/lpd/pat0090_20130327_100825_661_seg_3.mat,EEG,LPD,292620,0.28
data/dataset_eeg/lpd/pat0090_20130327_100825_663_seg_3.mat,EEG,LPD,292507,0.28
data/dataset_eeg/lpd/pat0090_20130327_100825_664_seg_3.mat,EEG,LPD,292255,0.28
data/dataset_eeg/lpd/pat0103_20180322_120800_1008_seg_3.mat,EEG,LPD,289206,0.28
data/dataset_eeg/lpd/pat0103_20180322_120800_1009_seg_3.mat,EEG,LPD,290498,0.28
data/dataset_eeg/lpd/pat0103_20180322_120800_1014_seg_3.mat,EEG,LPD,292625,0.28
data/dataset_eeg/lpd/pat0103_20180322_120800_1019_seg_3.mat,EEG,LPD,293480,0.28
data/dataset_eeg/lpd/pat0103_20180322_120800_1020_seg_3.mat,EEG,LPD,293314,0.28
data/dataset_eeg/lpd/pat0103_20180322_120800_1036_seg_3.mat,EEG,LPD,291960,0.28
data/dataset_eeg/lpd/pat0103_20180322_120800_1050_seg_3.mat,EEG,LPD,293729,0.28
data/dataset_eeg/lpd/pat0103_20180322_120800_1061_seg_3.mat,EEG,LPD,294146,0.28
data/dataset_eeg/lpd/pat0103_20180322_120800_1062_seg_3.mat,EEG,LPD,293955,0.28
data/dataset_eeg/lpd/pat0103_20180322_120800_1063_seg_3.mat,EEG,LPD,293975,0.28
data/dataset_eeg/lpd/pat0103_20180322_120800_1065_seg_3.mat,EEG,LPD,293741,0.28
data/dataset_eeg/lpd/pat0106_20180813_172925_16618_seg_3.mat,EEG,LPD,292764,0.28
data/dataset_eeg/lpd/pat0106_20180813_172925_16620_seg_3.mat,EEG,LPD,294415,0.28
data/dataset_eeg/lpd/pat0106_20180813_172925_16623_seg_3.mat,EEG,LPD,293279,0.28
data/dataset_eeg/lpd/pat0106_20180813_172925_16624_seg_3.mat,EEG,LPD,293139,0.28
data/dataset_eeg/lpd/pat0106_20180813_172925_16625_seg_3.mat,EEG,LPD,293760,0.28
data/dataset_eeg/lpd/pat0108_20130901_173920_12854_seg_3.mat,EEG,LPD,283567,0.27
data/dataset_eeg/lpd/pat0111_20161215_093326_11974_seg_3.mat,EEG,LPD,290016,0.28
data/dataset_eeg/lpd/pat0111_20161215_093326_11975_seg_3.mat,EEG,LPD,289926,0.28
data/dataset_eeg/grda/abn10320_20130304_101743_661_seg_1.mat,EEG,GRDA,237074,0.23
data/dataset_eeg/grda/abn10320_20130304_101743_661_seg_2.mat,EEG,GRDA,237271,0.23
data/dataset_eeg/grda/abn10320_20130304_101743_661_seg_3.mat,EEG,GRDA,237694,0.23
data/dataset_eeg/grda/abn10320_20130304_101743_661_seg_4.mat,EEG,GRDA,237753,0.23
data/dataset_eeg/grda/abn10320_20130304_101743_661_seg_5.mat,EEG,GRDA,237301,0.23
data/dataset_eeg/grda/abn10320_20130304_101743_663_seg_2.mat,EEG,GRDA,237294,0.23
data/dataset_eeg/grda/abn10320_20130304_101743_663_seg_3.mat,EEG,GRDA,237945,0.23
data/dataset_eeg/grda/abn10320_20130304_101743_663_seg_4.mat,EEG,GRDA,237254,0.23
data/dataset_eeg/grda/abn10320_20130304_101743_665_seg_2.mat,EEG,GRDA,237433,0.23
data/dataset_eeg/grda/abn10320_20130304_101743_665_seg_4.mat,EEG,GRDA,237465,0.23
data/dataset_eeg/grda/abn10320_20130304_101743_666_seg_2.mat,EEG,GRDA,237694,0.23
data/dataset_eeg/grda/abn10320_20130304_101743_666_seg_3.mat,EEG,GRDA,237753,0.23
data/dataset_eeg/grda/abn10320_20130304_101743_666_seg_4.mat,EEG,GRDA,237301,0.23
data/dataset_eeg/grda/abn10320_20130304_101743_666_seg_5.mat,EEG,GRDA,237909,0.23
data/dataset_eeg/grda/abn10320_20130304_101743_667_seg_1.mat,EEG,GRDA,237282,0.23
data/dataset_eeg/grda/abn10320_20130304_101743_667_seg_2.mat,EEG,GRDA,237725,0.23
data/dataset_eeg/grda/abn10320_20130304_101743_667_seg_3.mat,EEG,GRDA,237557,0.23
data/dataset_eeg/grda/abn10320_20130304_101743_667_seg_4.mat,EEG,GRDA,237490,0.23
data/dataset_eeg/grda/abn10320_20130304_101743_667_seg_5.mat,EEG,GRDA,237836,0.23
data/dataset_eeg/grda/abn10320_20130304_101743_673_seg_1.mat,EEG,GRDA,237945,0.23
data/dataset_eeg/grda/abn10320_20130304_101743_673_seg_2.mat,EEG,GRDA,237254,0.23
data/dataset_eeg/grda/abn10320_20130304_101743_673_seg_4.mat,EEG,GRDA,237646,0.23
data/dataset_eeg/grda/abn10320_20130304_101743_673_seg_5.mat,EEG,GRDA,237730,0.23
data/dataset_eeg/grda/abn10320_20130304_101743_675_seg_1.mat,EEG,GRDA,237772,0.23
data/dataset_eeg/grda/abn10320_20130304_101743_675_seg_2.mat,EEG,GRDA,237465,0.23
data/dataset_eeg/grda/abn10320_20130304_101743_675_seg_3.mat,EEG,GRDA,237564,0.23
data/dataset_eeg/grda/abn10320_20130304_101743_675_seg_4.mat,EEG,GRDA,237769,0.23
data/dataset_eeg/grda/abn10320_20130304_101743_675_seg_5.mat,EEG,GRDA,237758,0.23
data/dataset_eeg/grda/abn10320_20130304_101743_676_seg_1.mat,EEG,GRDA,237753,0.23
data/dataset_eeg/grda/abn10320_20130304_101743_676_seg_2.mat,EEG,GRDA,237301,0.23
data/dataset_eeg/grda/abn10320_20130304_101743_676_seg_3.mat,EEG,GRDA,237909,0.23
data/dataset_eeg/grda/abn10320_20130304_101743_676_seg_4.mat,EEG,GRDA,237768,0.23
data/dataset_eeg/grda/abn10320_20130304_101743_676_seg_5.mat,EEG,GRDA,237781,0.23
data/dataset_eeg/grda/abn10320_20130304_101743_686_seg_1.mat,EEG,GRDA,237909,0.23
data/dataset_eeg/grda/abn10320_20130304_101743_686_seg_2.mat,EEG,GRDA,237768,0.23
data/dataset_eeg/grda/abn10320_20130304_101743_686_seg_3.mat,EEG,GRDA,237781,0.23
data/dataset_eeg/grda/abn10320_20130304_101743_686_seg_4.mat,EEG,GRDA,237657,0.23
data/dataset_eeg/grda/abn10320_20130304_101743_686_seg_5.mat,EEG,GRDA,237393,0.23
data/dataset_eeg/grda/abn10320_20130304_101743_687_seg_1.mat,EEG,GRDA,237836,0.23
data/dataset_eeg/grda/abn10320_20130304_101743_687_seg_2.mat,EEG,GRDA,237840,0.23
data/dataset_eeg/grda/abn10320_20130304_101743_687_seg_3.mat,EEG,GRDA,237670,0.23
data/dataset_eeg/grda/abn10320_20130304_101743_687_seg_4.mat,EEG,GRDA,237720,0.23
data/dataset_eeg/grda/abn10320_20130304_101743_687_seg_5.mat,EEG,GRDA,237158,0.23
data/dataset_eeg/grda/abn10320_20130304_101743_690_seg_1.mat,EEG,GRDA,237769,0.23
data/dataset_eeg/grda/abn10320_20130304_101743_690_seg_2.mat,EEG,GRDA,237758,0.23
data/dataset_eeg/grda/abn10320_20130304_101743_690_seg_3.mat,EEG,GRDA,237690,0.23
data/dataset_eeg/grda/abn10320_20130304_101743_690_seg_4.mat,EEG,GRDA,237397,0.23
data/dataset_eeg/grda/abn10320_20130304_101743_690_seg_5.mat,EEG,GRDA,237603,0.23
data/dataset_eeg/grda/abn10320_20130304_101743_691_seg_1.mat,EEG,GRDA,237768,0.23
data/dataset_eeg/grda/abn10320_20130304_101743_691_seg_2.mat,EEG,GRDA,237781,0.23
data/dataset_eeg/grda/abn10320_20130304_101743_691_seg_3.mat,EEG,GRDA,237657,0.23
data/dataset_eeg/grda/abn10320_20130304_101743_691_seg_5.mat,EEG,GRDA,237561,0.23
data/dataset_eeg/grda/abn10320_20130304_101743_692_seg_1.mat,EEG,GRDA,237840,0.23
data/dataset_eeg/grda/abn10320_20130304_101743_692_seg_2.mat,EEG,GRDA,237670,0.23
data/dataset_eeg/grda/abn10320_20130304_101743_692_seg_3.mat,EEG,GRDA,237720,0.23
data/dataset_eeg/grda/abn10320_20130304_101743_692_seg_4.mat,EEG,GRDA,237158,0.23
data/dataset_eeg/grda/abn10320_20130304_101743_692_seg_5.mat,EEG,GRDA,237712,0.23
data/dataset_eeg/grda/abn10320_20130304_101743_696_seg_1.mat,EEG,GRDA,237781,0.23
data/dataset_eeg/grda/abn10320_20130304_101743_696_seg_2.mat,EEG,GRDA,237657,0.23
data/dataset_eeg/grda/abn10320_20130304_101743_696_seg_3.mat,EEG,GRDA,237393,0.23
data/dataset_eeg/grda/abn10320_20130304_101743_696_seg_4.mat,EEG,GRDA,237561,0.23
data/dataset_eeg/grda/abn10320_20130304_101743_696_seg_5.mat,EEG,GRDA,237457,0.23
data/dataset_eeg/grda/abn10320_20130304_101743_697_seg_1.mat,EEG,GRDA,237670,0.23
data/dataset_eeg/grda/abn10320_20130304_101743_697_seg_2.mat,EEG,GRDA,237720,0.23
data/dataset_eeg/grda/abn10320_20130304_101743_697_seg_3.mat,EEG,GRDA,237158,0.23
data/dataset_eeg/grda/abn10320_20130304_101743_697_seg_4.mat,EEG,GRDA,237712,0.23
data/dataset_eeg/grda/abn10320_20130304_101743_697_seg_5.mat,EEG,GRDA,237531,0.23
data/dataset_eeg/grda/abn10320_20130304_101743_700_seg_1.mat,EEG,GRDA,237690,0.23
data/dataset_eeg/grda/abn10320_20130304_101743_700_seg_4.mat,EEG,GRDA,237508,0.23
data/dataset_eeg/grda/abn10320_20130304_101743_703_seg_1.mat,EEG,GRDA,237720,0.23
data/dataset_eeg/grda/abn10320_20130304_101743_703_seg_2.mat,EEG,GRDA,237132,0.23
data/dataset_eeg/grda/abn10320_20130304_101743_703_seg_3.mat,EEG,GRDA,237802,0.23
data/dataset_eeg/grda/abn10320_20130304_101743_703_seg_4.mat,EEG,GRDA,237544,0.23
data/dataset_eeg/grda/abn10320_20130304_101743_703_seg_5.mat,EEG,GRDA,237836,0.23
data/dataset_eeg/grda/abn10320_20130304_101743_704_seg_2.mat,EEG,GRDA,237417,0.23
data/dataset_eeg/grda/abn10320_20130304_101743_704_seg_3.mat,EEG,GRDA,237641,0.23
data/dataset_eeg/grda/abn10320_20130304_101743_704_seg_4.mat,EEG,GRDA,237828,0.23
data/dataset_eeg/grda/abn10320_20130304_101743_704_seg_5.mat,EEG,GRDA,237654,0.23
data/dataset_eeg/grda/abn10320_20130304_101743_705_seg_2.mat,EEG,GRDA,237603,0.23
data/dataset_eeg/grda/abn10320_20130304_101743_705_seg_3.mat,EEG,GRDA,237508,0.23
data/dataset_eeg/grda/abn10320_20130304_101743_705_seg_4.mat,EEG,GRDA,237788,0.23
data/dataset_eeg/grda/abn10320_20130304_101743_705_seg_5.mat,EEG,GRDA,237680,0.23
data/dataset_eeg/grda/abn10320_20130304_101743_707_seg_1.mat,EEG,GRDA,237158,0.23
data/dataset_eeg/grda/abn10320_20130304_101743_707_seg_2.mat,EEG,GRDA,237712,0.23
data/dataset_eeg/grda/abn10320_20130304_101743_707_seg_3.mat,EEG,GRDA,237531,0.23
data/dataset_eeg/grda/abn10320_20130304_101743_707_seg_4.mat,EEG,GRDA,237898,0.23
data/dataset_eeg/grda/abn10320_20130304_101743_707_seg_5.mat,EEG,GRDA,237611,0.23
data/dataset_eeg/grda/abn10320_20130304_101743_710_seg_1.mat,EEG,GRDA,237603,0.23
data/dataset_eeg/grda/abn10320_20130304_101743_710_seg_2.mat,EEG,GRDA,237508,0.23
data/dataset_eeg/grda/abn10320_20130304_101743_710_seg_4.mat,EEG,GRDA,237680,0.23
data/dataset_eeg/grda/abn10320_20130304_101743_710_seg_5.mat,EEG,GRDA,237706,0.23
data/dataset_eeg/grda/abn10320_20130304_101743_712_seg_1.mat,EEG,GRDA,237712,0.23
data/dataset_eeg/grda/abn10320_20130304_101743_712_seg_2.mat,EEG,GRDA,237531,0.23
data/dataset_eeg/grda/abn10320_20130304_101743_712_seg_3.mat,EEG,GRDA,237898,0.23
data/dataset_eeg/grda/abn10320_20130304_101743_712_seg_4.mat,EEG,GRDA,237611,0.23
data/dataset_eeg/grda/abn10320_20130304_101743_712_seg_5.mat,EEG,GRDA,237802,0.23
data/dataset_eeg/grda/abn10320_20130304_101743_715_seg_1.mat,EEG,GRDA,237508,0.23
data/dataset_eeg/grda/abn10320_20130304_101743_715_seg_2.mat,EEG,GRDA,237788,0.23
data/dataset_eeg/grda/abn10320_20130304_101743_715_seg_3.mat,EEG,GRDA,237680,0.23
data/dataset_eeg/grda/abn10320_20130304_101743_715_seg_4.mat,EEG,GRDA,237706,0.23
data/dataset_eeg/grda/abn10320_20130304_101743_715_seg_5.mat,EEG,GRDA,237851,0.23
data/dataset_eeg/grda/abn10320_20130304_101743_718_seg_1.mat,EEG,GRDA,237544,0.23
data/dataset_eeg/grda/abn10320_20130304_101743_718_seg_2.mat,EEG,GRDA,237836,0.23
data/dataset_eeg/grda/abn10320_20130304_101743_718_seg_3.mat,EEG,GRDA,237676,0.23
data/dataset_eeg/grda/abn10424_20130402_101738_1886_seg_1.mat,EEG,GRDA,240778,0.23
data/dataset_eeg/grda/abn11260_20160318_092228_55_seg_1.mat,EEG,GRDA,285945,0.27
data/dataset_eeg/grda/abn11260_20160318_092228_55_seg_2.mat,EEG,GRDA,284922,0.27
data/dataset_eeg/grda/abn11260_20160318_092228_55_seg_3.mat,EEG,GRDA,287099,0.27
data/dataset_eeg/grda/abn11260_20160318_092228_55_seg_4.mat,EEG,GRDA,285352,0.27
data/dataset_eeg/grda/abn11260_20160318_092228_55_seg_5.mat,EEG,GRDA,286239,0.27
data/dataset_eeg/grda/abn13638_20160325_081527_2506_seg_5.mat,EEG,GRDA,290773,0.28
data/dataset_eeg/grda/abn13638_20160325_081527_2509_seg_4.mat,EEG,GRDA,291301,0.28
data/dataset_eeg/grda/abn13638_20160325_081527_2510_seg_5.mat,EEG,GRDA,290643,0.28
data/dataset_eeg/grda/abn13638_20160325_081527_2514_seg_1.mat,EEG,GRDA,292361,0.28
data/dataset_eeg/grda/abn13638_20160325_081527_2516_seg_4.mat,EEG,GRDA,290945,0.28
data/dataset_eeg/grda/abn13638_20160325_081527_2519_seg_2.mat,EEG,GRDA,291301,0.28
data/dataset_eeg/grda/abn13638_20160325_081527_2519_seg_3.mat,EEG,GRDA,290623,0.28
data/dataset_eeg/grda/abn14115_20141126_161243_298_seg_1.mat,EEG,GRDA,294092,0.28
data/dataset_eeg/grda/abn14115_20141126_161243_298_seg_2.mat,EEG,GRDA,294559,0.28
data/dataset_eeg/grda/abn14115_20141126_161243_298_seg_3.mat,EEG,GRDA,294759,0.28
data/dataset_eeg/grda/abn14115_20141126_161243_298_seg_4.mat,EEG,GRDA,294538,0.28
data/dataset_eeg/grda/abn14115_20141126_161243_298_seg_5.mat,EEG,GRDA,294767,0.28
data/dataset_eeg/grda/abn14115_20141126_161243_300_seg_1.mat,EEG,GRDA,294392,0.28
data/dataset_eeg/grda/abn14115_20141126_161243_300_seg_2.mat,EEG,GRDA,294834,0.28
data/dataset_eeg/grda/abn14115_20141126_161243_300_seg_3.mat,EEG,GRDA,294456,0.28
data/dataset_eeg/grda/abn14115_20141126_161243_300_seg_4.mat,EEG,GRDA,294547,0.28
data/dataset_eeg/grda/abn14115_20141126_161243_300_seg_5.mat,EEG,GRDA,294554,0.28
data/dataset_eeg/grda/abn14115_20141126_161243_302_seg_1.mat,EEG,GRDA,294221,0.28
data/dataset_eeg/grda/abn14115_20141126_161243_302_seg_2.mat,EEG,GRDA,294778,0.28
data/dataset_eeg/grda/abn14115_20141126_161243_302_seg_3.mat,EEG,GRDA,294475,0.28
data/dataset_eeg/grda/abn14115_20141126_161243_302_seg_4.mat,EEG,GRDA,294578,0.28
data/dataset_eeg/grda/abn14115_20141126_161243_302_seg_5.mat,EEG,GRDA,294352,0.28
data/dataset_eeg/grda/abn14115_20141126_161243_304_seg_1.mat,EEG,GRDA,294583,0.28
data/dataset_eeg/grda/abn14115_20141126_161243_304_seg_2.mat,EEG,GRDA,294529,0.28
data/dataset_eeg/grda/abn14115_20141126_161243_304_seg_3.mat,EEG,GRDA,294508,0.28
data/dataset_eeg/grda/abn14115_20141126_161243_304_seg_4.mat,EEG,GRDA,294731,0.28
data/dataset_eeg/grda/abn14115_20141126_161243_304_seg_5.mat,EEG,GRDA,294156,0.28
data/dataset_eeg/grda/abn14115_20141126_161243_305_seg_1.mat,EEG,GRDA,294834,0.28
data/dataset_eeg/grda/abn14115_20141126_161243_305_seg_2.mat,EEG,GRDA,294456,0.28
data/dataset_eeg/grda/abn14115_20141126_161243_305_seg_3.mat,EEG,GRDA,294547,0.28
data/dataset_eeg/grda/abn14115_20141126_161243_305_seg_4.mat,EEG,GRDA,294554,0.28
data/dataset_eeg/grda/abn14115_20141126_161243_305_seg_5.mat,EEG,GRDA,294236,0.28
data/dataset_eeg/grda/abn14115_20141126_161243_306_seg_1.mat,EEG,GRDA,294978,0.28
data/dataset_eeg/grda/abn14115_20141126_161243_306_seg_2.mat,EEG,GRDA,294371,0.28
data/dataset_eeg/grda/abn14115_20141126_161243_306_seg_3.mat,EEG,GRDA,294459,0.28
data/dataset_eeg/grda/abn14115_20141126_161243_306_seg_4.mat,EEG,GRDA,294574,0.28
data/dataset_eeg/grda/abn14115_20141126_161243_306_seg_5.mat,EEG,GRDA,294502,0.28
data/dataset_eeg/grda/abn14115_20141126_161243_308_seg_1.mat,EEG,GRDA,294759,0.28
data/dataset_eeg/grda/abn14115_20141126_161243_308_seg_2.mat,EEG,GRDA,294538,0.28
data/dataset_eeg/grda/abn14115_20141126_161243_308_seg_3.mat,EEG,GRDA,294767,0.28
data/dataset_eeg/grda/abn14115_20141126_161243_308_seg_4.mat,EEG,GRDA,294216,0.28
data/dataset_eeg/grda/abn14115_20141126_161243_308_seg_5.mat,EEG,GRDA,294817,0.28
data/dataset_eeg/grda/abn14115_20141126_161243_313_seg_1.mat,EEG,GRDA,294538,0.28
data/dataset_eeg/grda/abn14115_20141126_161243_313_seg_2.mat,EEG,GRDA,294767,0.28
data/dataset_eeg/grda/abn14115_20141126_161243_313_seg_3.mat,EEG,GRDA,294216,0.28
data/dataset_eeg/grda/abn14115_20141126_161243_313_seg_4.mat,EEG,GRDA,294817,0.28
data/dataset_eeg/grda/abn14115_20141126_161243_313_seg_5.mat,EEG,GRDA,294459,0.28
data/dataset_eeg/grda/abn14115_20141126_161243_316_seg_1.mat,EEG,GRDA,294459,0.28
data/dataset_eeg/grda/abn14115_20141126_161243_316_seg_2.mat,EEG,GRDA,294574,0.28
data/dataset_eeg/grda/abn14115_20141126_161243_316_seg_3.mat,EEG,GRDA,294502,0.28
data/dataset_eeg/grda/abn14115_20141126_161243_316_seg_4.mat,EEG,GRDA,294770,0.28
data/dataset_eeg/grda/abn14115_20141126_161243_316_seg_5.mat,EEG,GRDA,294531,0.28
data/dataset_eeg/grda/abn14115_20141126_161243_318_seg_1.mat,EEG,GRDA,294767,0.28
data/dataset_eeg/grda/abn14115_20141126_161243_318_seg_2.mat,EEG,GRDA,294216,0.28
data/dataset_eeg/grda/abn14115_20141126_161243_318_seg_3.mat,EEG,GRDA,294817,0.28
data/dataset_eeg/grda/abn14115_20141126_161243_318_seg_4.mat,EEG,GRDA,294459,0.28
data/dataset_eeg/grda/abn14115_20141126_161243_318_seg_5.mat,EEG,GRDA,294683,0.28
data/dataset_eeg/grda/abn14115_20141126_161243_319_seg_1.mat,EEG,GRDA,294731,0.28
data/dataset_eeg/grda/abn14115_20141126_161243_319_seg_2.mat,EEG,GRDA,294156,0.28
data/dataset_eeg/grda/abn14115_20141126_161243_319_seg_3.mat,EEG,GRDA,294755,0.28
data/dataset_eeg/grda/abn14115_20141126_161243_319_seg_4.mat,EEG,GRDA,294715,0.28
data/dataset_eeg/grda/abn14115_20141126_161243_319_seg_5.mat,EEG,GRDA,294681,0.28
data/dataset_eeg/grda/abn1762_20180428_125520_16299_seg_1.mat,EEG,GRDA,294362,0.28
data/dataset_eeg/grda/abn1762_20180428_125520_2798_seg_4.mat,EEG,GRDA,293758,0.28
data/dataset_eeg/grda/abn1762_20180428_125520_2799_seg_4.mat,EEG,GRDA,294453,0.28
data/dataset_eeg/grda/abn2077_20140602_080753_2119_seg_3.mat,EEG,GRDA,289516,0.28
data/dataset_eeg/grda/abn2077_20140602_080753_2119_seg_4.mat,EEG,GRDA,291083,0.28
data/dataset_eeg/grda/abn2077_20140602_080753_2120_seg_3.mat,EEG,GRDA,290553,0.28
data/dataset_eeg/grda/abn2077_20140602_080753_2122_seg_2.mat,EEG,GRDA,288738,0.28
data/dataset_eeg/grda/abn2077_20140602_080753_2122_seg_3.mat,EEG,GRDA,290001,0.28
data/dataset_eeg/grda/abn2077_20140602_080753_2123_seg_2.mat,EEG,GRDA,288249,0.27
data/dataset_eeg/grda/abn2077_20140602_080753_2123_seg_3.mat,EEG,GRDA,290497,0.28
data/dataset_eeg/grda/abn2102_20111103_083808_745_seg_4.mat,EEG,GRDA,234920,0.22
data/dataset_eeg/grda/abn4064_20140219_134625_597_seg_4.mat,EEG,GRDA,235278,0.22
data/dataset_eeg/grda/abn4064_20140219_134625_728_seg_1.mat,EEG,GRDA,230803,0.22
data/dataset_eeg/grda/abn4064_20140219_134625_728_seg_4.mat,EEG,GRDA,233157,0.22
data/dataset_eeg/grda/abn4064_20140219_134625_729_seg_1.mat,EEG,GRDA,232163,0.22
data/dataset_eeg/grda/abn4064_20140219_134625_729_seg_2.mat,EEG,GRDA,232896,0.22
data/dataset_eeg/grda/abn4064_20140219_134625_729_seg_4.mat,EEG,GRDA,233570,0.22
data/dataset_eeg/grda/abn4064_20140219_134625_730_seg_1.mat,EEG,GRDA,232435,0.22
data/dataset_eeg/grda/abn4064_20140219_134625_730_seg_2.mat,EEG,GRDA,233037,0.22
data/dataset_eeg/grda/abn4064_20140219_134625_731_seg_3.mat,EEG,GRDA,233170,0.22
data/dataset_eeg/grda/abn4064_20140219_134625_731_seg_5.mat,EEG,GRDA,233725,0.22
data/dataset_eeg/grda/abn4064_20140219_134625_734_seg_1.mat,EEG,GRDA,232896,0.22
data/dataset_eeg/grda/abn4064_20140219_134625_735_seg_1.mat,EEG,GRDA,233037,0.22
data/dataset_eeg/grda/abn4064_20140219_134625_736_seg_5.mat,EEG,GRDA,233822,0.22
data/dataset_eeg/grda/abn514_20140329_083109_9789_seg_2.mat,EEG,GRDA,284814,0.27
data/dataset_eeg/grda/abn514_20140329_083109_9789_seg_3.mat,EEG,GRDA,284598,0.27
data/dataset_eeg/grda/abn514_20140329_083109_9789_seg_4.mat,EEG,GRDA,284659,0.27
data/dataset_eeg/grda/abn514_20140329_083109_9789_seg_5.mat,EEG,GRDA,285027,0.27
data/dataset_eeg/grda/abn514_20140329_083109_9791_seg_2.mat,EEG,GRDA,284884,0.27
data/dataset_eeg/grda/abn514_20140329_083109_9791_seg_3.mat,EEG,GRDA,284367,0.27
data/dataset_eeg/grda/abn514_20140329_083109_9791_seg_4.mat,EEG,GRDA,285178,0.27
data/dataset_eeg/grda/abn514_20140329_083109_9791_seg_5.mat,EEG,GRDA,284935,0.27
data/dataset_eeg/grda/abn514_20140329_083109_9794_seg_5.mat,EEG,GRDA,284643,0.27
data/dataset_eeg/grda/abn514_20140329_083109_9798_seg_2.mat,EEG,GRDA,284740,0.27
data/dataset_eeg/grda/abn514_20140329_083109_9798_seg_3.mat,EEG,GRDA,285171,0.27
data/dataset_eeg/grda/abn514_20140329_083109_9798_seg_4.mat,EEG,GRDA,284424,0.27
data/dataset_eeg/grda/abn514_20140329_083109_9798_seg_5.mat,EEG,GRDA,284856,0.27
data/dataset_eeg/grda/abn514_20140329_083109_9801_seg_3.mat,EEG,GRDA,284935,0.27
data/dataset_eeg/grda/abn514_20140329_083109_9801_seg_4.mat,EEG,GRDA,284727,0.27
data/dataset_eeg/grda/abn514_20140329_083109_9801_seg_5.mat,EEG,GRDA,284487,0.27
data/dataset_eeg/grda/abn514_20140329_083109_9802_seg_4.mat,EEG,GRDA,284998,0.27
data/dataset_eeg/grda/abn514_20140329_083109_9803_seg_1.mat,EEG,GRDA,284740,0.27
data/dataset_eeg/grda/abn514_20140329_083109_9803_seg_3.mat,EEG,GRDA,284424,0.27
data/dataset_eeg/grda/abn514_20140329_083109_9803_seg_4.mat,EEG,GRDA,284856,0.27
data/dataset_eeg/grda/abn514_20140329_083109_9804_seg_1.mat,EEG,GRDA,284659,0.27
data/dataset_eeg/grda/abn514_20140329_083109_9804_seg_3.mat,EEG,GRDA,284643,0.27
data/dataset_eeg/grda/abn514_20140329_083109_9804_seg_4.mat,EEG,GRDA,284852,0.27
data/dataset_eeg/grda/abn514_20140329_083109_9807_seg_2.mat,EEG,GRDA,284680,0.27
data/dataset_eeg/grda/abn514_20140329_083109_9807_seg_3.mat,EEG,GRDA,284998,0.27
data/dataset_eeg/grda/abn514_20140329_083109_9807_seg_4.mat,EEG,GRDA,284634,0.27
data/dataset_eeg/grda/abn514_20140329_083109_9808_seg_2.mat,EEG,GRDA,284424,0.27
data/dataset_eeg/grda/abn514_20140329_083109_9808_seg_3.mat,EEG,GRDA,284856,0.27
data/dataset_eeg/grda/abn514_20140329_083109_9808_seg_4.mat,EEG,GRDA,284721,0.27
data/dataset_eeg/grda/abn514_20140329_083109_9810_seg_1.mat,EEG,GRDA,284944,0.27
data/dataset_eeg/grda/abn514_20140329_083109_9810_seg_2.mat,EEG,GRDA,284847,0.27
data/dataset_eeg/grda/abn514_20140329_083109_9810_seg_3.mat,EEG,GRDA,284543,0.27
data/dataset_eeg/grda/abn514_20140329_083109_9811_seg_1.mat,EEG,GRDA,284935,0.27
data/dataset_eeg/grda/abn514_20140329_083109_9811_seg_2.mat,EEG,GRDA,284727,0.27
data/dataset_eeg/grda/abn514_20140329_083109_9811_seg_3.mat,EEG,GRDA,284487,0.27
data/dataset_eeg/grda/abn514_20140329_083109_9811_seg_4.mat,EEG,GRDA,284611,0.27
data/dataset_eeg/grda/abn514_20140329_083109_9815_seg_1.mat,EEG,GRDA,284847,0.27
data/dataset_eeg/grda/abn514_20140329_083109_9815_seg_2.mat,EEG,GRDA,284543,0.27
data/dataset_eeg/grda/abn514_20140329_083109_9815_seg_5.mat,EEG,GRDA,284902,0.27
data/dataset_eeg/grda/abn514_20140329_083109_9818_seg_1.mat,EEG,GRDA,284856,0.27
data/dataset_eeg/grda/abn514_20140329_083109_9818_seg_2.mat,EEG,GRDA,284721,0.27
data/dataset_eeg/grda/abn514_20140329_083109_9818_seg_4.mat,EEG,GRDA,285247,0.27
data/dataset_eeg/grda/abn514_20140329_083109_9819_seg_1.mat,EEG,GRDA,284852,0.27
data/dataset_eeg/grda/abn514_20140329_083109_9819_seg_4.mat,EEG,GRDA,285013,0.27
data/dataset_eeg/grda/abn514_20140329_083109_9820_seg_1.mat,EEG,GRDA,284543,0.27
data/dataset_eeg/grda/abn514_20140329_083109_9820_seg_3.mat,EEG,GRDA,284572,0.27
data/dataset_eeg/grda/abn514_20140329_083109_9828_seg_1.mat,EEG,GRDA,284549,0.27
data/dataset_eeg/grda/abn514_20140329_083109_9831_seg_1.mat,EEG,GRDA,284961,0.27
data/dataset_eeg/grda/abn6074_20120105_154446_1354_seg_3.mat,EEG,GRDA,252858,0.24
data/dataset_eeg/grda/abn6074_20120105_154446_1354_seg_4.mat,EEG,GRDA,252811,0.24
data/dataset_eeg/grda/abn6074_20120105_154446_1356_seg_3.mat,EEG,GRDA,252668,0.24
data/dataset_eeg/grda/abn6074_20120105_154446_1356_seg_4.mat,EEG,GRDA,252538,0.24
data/dataset_eeg/grda/abn6074_20120105_154446_1357_seg_3.mat,EEG,GRDA,252791,0.24
data/dataset_eeg/grda/abn6074_20120105_154446_1357_seg_5.mat,EEG,GRDA,252099,0.24
data/dataset_eeg/grda/abn6074_20120105_154446_1358_seg_3.mat,EEG,GRDA,252776,0.24
data/dataset_eeg/grda/abn6074_20120105_154446_1358_seg_5.mat,EEG,GRDA,252092,0.24
data/dataset_eeg/grda/abn6074_20120105_154446_1359_seg_2.mat,EEG,GRDA,252858,0.24
data/dataset_eeg/grda/abn6074_20120105_154446_1359_seg_3.mat,EEG,GRDA,252811,0.24
data/dataset_eeg/grda/abn6074_20120105_154446_1359_seg_5.mat,EEG,GRDA,252338,0.24
data/dataset_eeg/grda/abn620_20121217_120653_1191_seg_5.mat,EEG,GRDA,240231,0.23
data/dataset_eeg/grda/abn620_20121217_120653_1192_seg_5.mat,EEG,GRDA,240185,0.23
data/dataset_eeg/grda/abn620_20121217_120653_1193_seg_5.mat,EEG,GRDA,239755,0.23
data/dataset_eeg/grda/abn620_20121217_120653_1197_seg_4.mat,EEG,GRDA,240185,0.23
data/dataset_eeg/grda/abn620_20121217_120653_1202_seg_3.mat,EEG,GRDA,240185,0.23
data/dataset_eeg/grda/abn620_20121217_120653_1203_seg_3.mat,EEG,GRDA,239755,0.23
data/dataset_eeg/grda/abn620_20121217_120653_1204_seg_3.mat,EEG,GRDA,239594,0.23
data/dataset_eeg/grda/abn620_20121217_120653_1211_seg_1.mat,EEG,GRDA,240231,0.23
data/dataset_eeg/grda/abn6757_20090419_105914_3399_seg_3.mat,EEG,GRDA,255433,0.24
data/dataset_eeg/grda/abn6757_20090419_105914_3402_seg_1.mat,EEG,GRDA,255655,0.24
data/dataset_eeg/grda/abn6757_20090419_105914_3402_seg_5.mat,EEG,GRDA,256221,0.24
data/dataset_eeg/grda/abn6757_20090419_105914_3411_seg_1.mat,EEG,GRDA,255638,0.24
data/dataset_eeg/grda/abn6757_20090419_105914_3411_seg_4.mat,EEG,GRDA,255875,0.24
data/dataset_eeg/grda/abn6757_20090419_105914_3421_seg_2.mat,EEG,GRDA,255875,0.24
data/dataset_eeg/grda/abn6757_20090419_105914_3421_seg_3.mat,EEG,GRDA,255947,0.24
data/dataset_eeg/grda/abn6954_20150522_121327_1689_seg_3.mat,EEG,GRDA,291469,0.28
data/dataset_eeg/grda/abn6954_20150522_121327_1692_seg_2.mat,EEG,GRDA,291368,0.28
data/dataset_eeg/grda/abn7509_20130418_090830_3161_seg_2.mat,EEG,GRDA,228719,0.22
data/dataset_eeg/grda/abn8980_20160410_162722_760_seg_3.mat,EEG,GRDA,289393,0.28
data/dataset_eeg/grda/emu141_20101108_045820_7332_seg_3.mat,EEG,GRDA,280572,0.27
data/dataset_eeg/grda/emu141_20101108_045820_7334_seg_3.mat,EEG,GRDA,281098,0.27
data/dataset_eeg/grda/emu141_20101108_045820_7334_seg_4.mat,EEG,GRDA,281221,0.27
data/dataset_eeg/grda/emu141_20101108_045820_7334_seg_5.mat,EEG,GRDA,281394,0.27
data/dataset_eeg/grda/emu141_20101108_045820_7335_seg_1.mat,EEG,GRDA,217402,0.21
data/dataset_eeg/grda/emu141_20101108_045820_7335_seg_3.mat,EEG,GRDA,280929,0.27
data/dataset_eeg/grda/emu141_20101108_045820_7335_seg_5.mat,EEG,GRDA,281585,0.27
data/dataset_eeg/grda/emu141_20101108_045820_7336_seg_2.mat,EEG,GRDA,281153,0.27
data/dataset_eeg/grda/emu141_20101108_045820_7336_seg_3.mat,EEG,GRDA,280507,0.27
data/dataset_eeg/grda/emu141_20101108_045820_7336_seg_4.mat,EEG,GRDA,281820,0.27
data/dataset_eeg/grda/emu141_20101108_045820_7336_seg_5.mat,EEG,GRDA,281447,0.27
data/dataset_eeg/lrda/abn10490_20140819_082501_1862_seg_2.mat,EEG,LRDA,293536,0.28
data/dataset_eeg/lrda/abn10490_20140819_082501_1862_seg_3.mat,EEG,LRDA,292819,0.28
data/dataset_eeg/lrda/abn10490_20140819_082501_1863_seg_2.mat,EEG,LRDA,293467,0.28
data/dataset_eeg/lrda/abn10490_20140819_082501_1864_seg_2.mat,EEG,LRDA,293574,0.28
data/dataset_eeg/lrda/abn10490_20140819_082501_1866_seg_1.mat,EEG,LRDA,293429,0.28
data/dataset_eeg/lrda/abn10490_20140819_082501_1868_seg_1.mat,EEG,LRDA,293467,0.28
data/dataset_eeg/lrda/abn10490_20140819_082501_1870_seg_1.mat,EEG,LRDA,293422,0.28
data/dataset_eeg/lrda/abn10490_20140819_082501_1872_seg_4.mat,EEG,LRDA,293259,0.28
data/dataset_eeg/lrda/abn10490_20140819_082501_1872_seg_5.mat,EEG,LRDA,293722,0.28
data/dataset_eeg/lrda/abn10490_20140819_082501_1873_seg_4.mat,EEG,LRDA,293565,0.28
data/dataset_eeg/lrda/abn10490_20140819_082501_1875_seg_4.mat,EEG,LRDA,294071,0.28
data/dataset_eeg/lrda/abn10490_20140819_082501_1882_seg_2.mat,EEG,LRDA,293259,0.28
data/dataset_eeg/lrda/abn10490_20140819_082501_1883_seg_2.mat,EEG,LRDA,293565,0.28
data/dataset_eeg/lrda/abn10490_20140819_082501_1884_seg_2.mat,EEG,LRDA,293941,0.28
data/dataset_eeg/lrda/abn10490_20140819_082501_1887_seg_1.mat,EEG,LRDA,293259,0.28
data/dataset_eeg/lrda/abn10490_20140819_082501_1888_seg_1.mat,EEG,LRDA,293565,0.28
data/dataset_eeg/lrda/abn10490_20140819_082501_1890_seg_1.mat,EEG,LRDA,294071,0.28
data/dataset_eeg/lrda/abn11079_20160708_111711_1230_seg_4.mat,EEG,LRDA,293816,0.28
data/dataset_eeg/lrda/abn11079_20160708_111711_1230_seg_5.mat,EEG,LRDA,293693,0.28
data/dataset_eeg/lrda/abn11079_20160708_111711_1231_seg_1.mat,EEG,LRDA,292437,0.28
data/dataset_eeg/lrda/abn11079_20160708_111711_1231_seg_4.mat,EEG,LRDA,293816,0.28
data/dataset_eeg/lrda/abn11079_20160708_111711_1233_seg_1.mat,EEG,LRDA,292375,0.28
data/dataset_eeg/lrda/abn11079_20160708_111711_1233_seg_3.mat,EEG,LRDA,294078,0.28
data/dataset_eeg/lrda/abn11079_20160708_111711_1233_seg_5.mat,EEG,LRDA,293446,0.28
data/dataset_eeg/lrda/abn11079_20160708_111711_1234_seg_4.mat,EEG,LRDA,293639,0.28
data/dataset_eeg/lrda/abn11079_20160708_111711_1234_seg_5.mat,EEG,LRDA,293232,0.28
data/dataset_eeg/lrda/abn11079_20160708_111711_1235_seg_3.mat,EEG,LRDA,293816,0.28
data/dataset_eeg/lrda/abn11079_20160708_111711_1235_seg_4.mat,EEG,LRDA,293693,0.28
data/dataset_eeg/lrda/abn11079_20160708_111711_1235_seg_5.mat,EEG,LRDA,293067,0.28
data/dataset_eeg/lrda/abn11079_20160708_111711_1236_seg_4.mat,EEG,LRDA,293629,0.28
data/dataset_eeg/lrda/abn11079_20160708_111711_1239_seg_3.mat,EEG,LRDA,293639,0.28
data/dataset_eeg/lrda/abn11079_20160708_111711_1239_seg_4.mat,EEG,LRDA,293232,0.28
data/dataset_eeg/lrda/abn11079_20160708_111711_1240_seg_2.mat,EEG,LRDA,293816,0.28
data/dataset_eeg/lrda/abn11079_20160708_111711_1240_seg_3.mat,EEG,LRDA,293693,0.28
data/dataset_eeg/lrda/abn11079_20160708_111711_1240_seg_5.mat,EEG,LRDA,293325,0.28
data/dataset_eeg/lrda/abn11079_20160708_111711_1241_seg_2.mat,EEG,LRDA,293816,0.28
data/dataset_eeg/lrda/abn11079_20160708_111711_1241_seg_3.mat,EEG,LRDA,293629,0.28
data/dataset_eeg/lrda/abn11079_20160708_111711_1241_seg_4.mat,EEG,LRDA,292988,0.28
data/dataset_eeg/lrda/abn11079_20160708_111711_1244_seg_1.mat,EEG,LRDA,294096,0.28
data/dataset_eeg/lrda/abn11079_20160708_111711_1244_seg_2.mat,EEG,LRDA,293639,0.28
data/dataset_eeg/lrda/abn11079_20160708_111711_1244_seg_3.mat,EEG,LRDA,293232,0.28
data/dataset_eeg/lrda/abn11079_20160708_111711_1245_seg_2.mat,EEG,LRDA,293693,0.28
data/dataset_eeg/lrda/abn11079_20160708_111711_1245_seg_4.mat,EEG,LRDA,293325,0.28
data/dataset_eeg/lrda/abn11079_20160708_111711_1246_seg_1.mat,EEG,LRDA,293816,0.28
data/dataset_eeg/lrda/abn11079_20160708_111711_1246_seg_3.mat,EEG,LRDA,292988,0.28
data/dataset_eeg/lrda/abn11079_20160708_111711_1246_seg_4.mat,EEG,LRDA,293285,0.28
data/dataset_eeg/lrda/abn11079_20160708_111711_1246_seg_5.mat,EEG,LRDA,293603,0.28
data/dataset_eeg/lrda/abn11079_20160708_111711_1248_seg_3.mat,EEG,LRDA,293018,0.28
data/dataset_eeg/lrda/abn11079_20160708_111711_1248_seg_5.mat,EEG,LRDA,292726,0.28
data/dataset_eeg/lrda/abn11079_20160708_111711_1249_seg_2.mat,EEG,LRDA,293232,0.28
data/dataset_eeg/lrda/abn11079_20160708_111711_1249_seg_3.mat,EEG,LRDA,293092,0.28
data/dataset_eeg/lrda/abn11079_20160708_111711_1250_seg_1.mat,EEG,LRDA,293693,0.28
data/dataset_eeg/lrda/abn11079_20160708_111711_1250_seg_2.mat,EEG,LRDA,293067,0.28
data/dataset_eeg/lrda/abn11079_20160708_111711_1250_seg_3.mat,EEG,LRDA,293325,0.28
data/dataset_eeg/lrda/abn11079_20160708_111711_1250_seg_4.mat,EEG,LRDA,293533,0.28
data/dataset_eeg/lrda/abn11079_20160708_111711_1251_seg_2.mat,EEG,LRDA,292988,0.28
data/dataset_eeg/lrda/abn11079_20160708_111711_1251_seg_4.mat,EEG,LRDA,293603,0.28
data/dataset_eeg/lrda/abn11079_20160708_111711_1252_seg_1.mat,EEG,LRDA,293468,0.28
data/dataset_eeg/lrda/abn11079_20160708_111711_1252_seg_2.mat,EEG,LRDA,292825,0.28
data/dataset_eeg/lrda/abn11079_20160708_111711_1252_seg_4.mat,EEG,LRDA,293186,0.28
data/dataset_eeg/lrda/abn11079_20160708_111711_1253_seg_2.mat,EEG,LRDA,293018,0.28
data/dataset_eeg/lrda/abn11079_20160708_111711_1253_seg_4.mat,EEG,LRDA,292726,0.28
data/dataset_eeg/lrda/abn11079_20160708_111711_1254_seg_1.mat,EEG,LRDA,293232,0.28
data/dataset_eeg/lrda/abn11079_20160708_111711_1254_seg_3.mat,EEG,LRDA,293526,0.28
data/dataset_eeg/lrda/abn11079_20160708_111711_1256_seg_1.mat,EEG,LRDA,292988,0.28
data/dataset_eeg/lrda/abn11079_20160708_111711_1256_seg_2.mat,EEG,LRDA,293285,0.28
data/dataset_eeg/lrda/abn11079_20160708_111711_1256_seg_3.mat,EEG,LRDA,293603,0.28
data/dataset_eeg/lrda/abn11079_20160708_111711_1256_seg_5.mat,EEG,LRDA,293400,0.28
data/dataset_eeg/lrda/abn11079_20160708_111711_1258_seg_2.mat,EEG,LRDA,293458,0.28
data/dataset_eeg/lrda/abn11079_20160708_111711_1258_seg_3.mat,EEG,LRDA,292726,0.28
data/dataset_eeg/lrda/abn3292_20130819_120343_2527_seg_4.mat,EEG,LRDA,235999,0.23
data/dataset_eeg/lrda/abn3292_20130819_120343_2528_seg_4.mat,EEG,LRDA,235935,0.23
data/dataset_eeg/lrda/abn3292_20130819_120343_2530_seg_3.mat,EEG,LRDA,236125,0.23
data/dataset_eeg/lrda/abn3292_20130819_120343_2530_seg_4.mat,EEG,LRDA,235873,0.22
data/dataset_eeg/lrda/abn3292_20130819_120343_2531_seg_3.mat,EEG,LRDA,236142,0.23
data/dataset_eeg/lrda/abn3292_20130819_120343_2531_seg_4.mat,EEG,LRDA,235611,0.22
data/dataset_eeg/lrda/abn3292_20130819_120343_2533_seg_3.mat,EEG,LRDA,235935,0.23
data/dataset_eeg/lrda/abn3292_20130819_120343_2534_seg_3.mat,EEG,LRDA,235979,0.23
data/dataset_eeg/lrda/abn3292_20130819_120343_2535_seg_2.mat,EEG,LRDA,236125,0.23
data/dataset_eeg/lrda/abn3292_20130819_120343_2535_seg_3.mat,EEG,LRDA,235873,0.22
data/dataset_eeg/lrda/abn3292_20130819_120343_2538_seg_2.mat,EEG,LRDA,235935,0.23
data/dataset_eeg/lrda/abn3292_20130819_120343_2539_seg_2.mat,EEG,LRDA,235979,0.23
data/dataset_eeg/lrda/abn3292_20130819_120343_2540_seg_1.mat,EEG,LRDA,236125,0.23
data/dataset_eeg/lrda/abn3292_20130819_120343_2540_seg_2.mat,EEG,LRDA,235873,0.22
data/dataset_eeg/lrda/abn4587_20130904_134616_1229_seg_3.mat,EEG,LRDA,230326,0.22
data/dataset_eeg/lrda/abn4587_20130904_134616_1230_seg_3.mat,EEG,LRDA,232624,0.22
data/dataset_eeg/lrda/abn4587_20130904_134616_1232_seg_3.mat,EEG,LRDA,234028,0.22
data/dataset_eeg/lrda/abn4587_20130904_134616_1233_seg_2.mat,EEG,LRDA,227960,0.22
data/dataset_eeg/lrda/abn4587_20130904_134616_1233_seg_3.mat,EEG,LRDA,234077,0.22
data/dataset_eeg/lrda/abn4587_20130904_134616_1234_seg_2.mat,EEG,LRDA,230326,0.22
data/dataset_eeg/lrda/abn4587_20130904_134616_1234_seg_3.mat,EEG,LRDA,233989,0.22
data/dataset_eeg/lrda/abn4587_20130904_134616_1235_seg_2.mat,EEG,LRDA,232624,0.22
data/dataset_eeg/lrda/abn4587_20130904_134616_1235_seg_3.mat,EEG,LRDA,233870,0.22
data/dataset_eeg/lrda/abn4587_20130904_134616_1238_seg_1.mat,EEG,LRDA,227960,0.22
data/dataset_eeg/lrda/abn4587_20130904_134616_1239_seg_1.mat,EEG,LRDA,230326,0.22
data/dataset_eeg/lrda/abn4587_20130904_134616_1239_seg_2.mat,EEG,LRDA,233989,0.22
data/dataset_eeg/lrda/abn514_20130114_210759_3838_seg_1.mat,EEG,LRDA,284475,0.27
data/dataset_eeg/lrda/abn514_20130114_210759_3838_seg_2.mat,EEG,LRDA,282489,0.27
data/dataset_eeg/lrda/abn514_20130114_210759_3839_seg_1.mat,EEG,LRDA,283834,0.27
data/dataset_eeg/lrda/abn514_20130114_210759_3839_seg_2.mat,EEG,LRDA,282854,0.27
data/dataset_eeg/lrda/abn514_20130114_210759_3841_seg_1.mat,EEG,LRDA,283292,0.27
data/dataset_eeg/lrda/abn514_20130114_210759_3842_seg_1.mat,EEG,LRDA,283296,0.27
data/dataset_eeg/lrda/abn514_20130114_210759_3842_seg_5.mat,EEG,LRDA,282915,0.27
data/dataset_eeg/lrda/abn514_20130114_210759_3843_seg_1.mat,EEG,LRDA,282489,0.27
data/dataset_eeg/lrda/abn514_20130114_210759_3843_seg_2.mat,EEG,LRDA,283768,0.27
data/dataset_eeg/lrda/abn514_20130114_210759_3843_seg_5.mat,EEG,LRDA,283087,0.27
data/dataset_eeg/lrda/abn514_20130114_210759_3844_seg_1.mat,EEG,LRDA,282854,0.27
data/dataset_eeg/lrda/abn514_20130114_210759_3844_seg_5.mat,EEG,LRDA,283294,0.27
data/dataset_eeg/lrda/abn514_20130114_210759_3845_seg_5.mat,EEG,LRDA,283649,0.27
data/dataset_eeg/lrda/abn514_20130114_210759_3846_seg_4.mat,EEG,LRDA,283475,0.27
data/dataset_eeg/lrda/abn514_20130114_210759_3846_seg_5.mat,EEG,LRDA,283342,0.27
data/dataset_eeg/lrda/abn514_20130114_210759_3847_seg_4.mat,EEG,LRDA,282915,0.27
data/dataset_eeg/lrda/abn514_20130114_210759_3847_seg_5.mat,EEG,LRDA,283790,0.27
data/dataset_eeg/lrda/abn514_20130114_210759_3848_seg_4.mat,EEG,LRDA,283087,0.27
data/dataset_eeg/lrda/abn514_20130114_210759_3848_seg_5.mat,EEG,LRDA,283687,0.27
data/dataset_eeg/lrda/abn514_20130114_210759_3849_seg_4.mat,EEG,LRDA,283294,0.27
data/dataset_eeg/lrda/abn514_20130114_210759_3849_seg_5.mat,EEG,LRDA,283643,0.27
data/dataset_eeg/lrda/abn514_20130114_210759_3850_seg_4.mat,EEG,LRDA,283649,0.27
data/dataset_eeg/lrda/abn514_20130114_210759_3850_seg_5.mat,EEG,LRDA,283749,0.27
data/dataset_eeg/lrda/abn514_20130114_210759_3851_seg_3.mat,EEG,LRDA,283475,0.27
data/dataset_eeg/lrda/abn514_20130114_210759_3851_seg_4.mat,EEG,LRDA,283342,0.27
data/dataset_eeg/lrda/abn514_20130114_210759_3851_seg_5.mat,EEG,LRDA,284598,0.27
data/dataset_eeg/lrda/abn514_20130114_210759_3852_seg_3.mat,EEG,LRDA,282915,0.27
data/dataset_eeg/lrda/abn514_20130114_210759_3852_seg_4.mat,EEG,LRDA,283790,0.27
data/dataset_eeg/lrda/abn514_20130114_210759_3852_seg_5.mat,EEG,LRDA,284415,0.27
data/dataset_eeg/lrda/abn514_20130114_210759_3855_seg_2.mat,EEG,LRDA,282792,0.27
data/dataset_eeg/lrda/abn514_20130114_210759_3855_seg_3.mat,EEG,LRDA,283649,0.27
data/dataset_eeg/lrda/abn514_20130114_210759_3855_seg_4.mat,EEG,LRDA,283749,0.27
data/dataset_eeg/lrda/abn514_20130114_210759_3855_seg_5.mat,EEG,LRDA,284101,0.27
data/dataset_eeg/lrda/abn514_20130114_210759_3856_seg_2.mat,EEG,LRDA,283475,0.27
data/dataset_eeg/lrda/abn514_20130114_210759_3856_seg_3.mat,EEG,LRDA,283342,0.27
data/dataset_eeg/lrda/abn514_20130114_210759_3856_seg_4.mat,EEG,LRDA,284598,0.27
data/dataset_eeg/lrda/abn514_20130114_210759_3856_seg_5.mat,EEG,LRDA,283608,0.27
data/dataset_eeg/lrda/abn514_20130114_210759_3857_seg_2.mat,EEG,LRDA,282915,0.27
data/dataset_eeg/lrda/abn514_20130114_210759_3857_seg_3.mat,EEG,LRDA,283790,0.27
data/dataset_eeg/lrda/abn514_20130114_210759_3857_seg_4.mat,EEG,LRDA,284415,0.27
data/dataset_eeg/lrda/abn514_20130114_210759_3857_seg_5.mat,EEG,LRDA,283483,0.27
data/dataset_eeg/lrda/abn514_20130114_210759_3858_seg_2.mat,EEG,LRDA,283087,0.27
data/dataset_eeg/lrda/abn514_20130114_210759_3858_seg_3.mat,EEG,LRDA,283687,0.27
data/dataset_eeg/lrda/abn514_20130114_210759_3858_seg_4.mat,EEG,LRDA,284653,0.27
data/dataset_eeg/lrda/abn514_20130114_210759_3858_seg_5.mat,EEG,LRDA,282934,0.27
data/dataset_eeg/lrda/abn514_20130114_210759_3859_seg_2.mat,EEG,LRDA,283294,0.27
data/dataset_eeg/lrda/abn514_20130114_210759_3859_seg_3.mat,EEG,LRDA,283643,0.27
data/dataset_eeg/lrda/abn514_20130114_210759_3859_seg_4.mat,EEG,LRDA,284605,0.27
data/dataset_eeg/lrda/abn514_20130114_210759_3862_seg_1.mat,EEG,LRDA,282915,0.27
data/dataset_eeg/lrda/abn514_20130114_210759_3862_seg_2.mat,EEG,LRDA,283790,0.27
data/dataset_eeg/lrda/abn514_20130114_210759_3862_seg_3.mat,EEG,LRDA,284415,0.27
data/dataset_eeg/lrda/abn514_20130114_210759_3862_seg_4.mat,EEG,LRDA,283483,0.27
data/dataset_eeg/lrda/abn514_20130114_210759_3863_seg_1.mat,EEG,LRDA,283087,0.27
data/dataset_eeg/lrda/abn514_20130114_210759_3863_seg_2.mat,EEG,LRDA,283687,0.27
data/dataset_eeg/lrda/abn514_20130114_210759_3863_seg_3.mat,EEG,LRDA,284653,0.27
data/dataset_eeg/lrda/abn514_20130114_210759_3863_seg_4.mat,EEG,LRDA,282934,0.27
data/dataset_eeg/lrda/abn514_20130114_210759_3864_seg_1.mat,EEG,LRDA,283294,0.27
data/dataset_eeg/lrda/abn514_20130114_210759_3864_seg_2.mat,EEG,LRDA,283643,0.27
data/dataset_eeg/lrda/abn514_20130114_210759_3864_seg_3.mat,EEG,LRDA,284605,0.27
data/dataset_eeg/lrda/abn514_20130114_210759_3865_seg_1.mat,EEG,LRDA,283649,0.27
data/dataset_eeg/lrda/abn514_20130114_210759_3865_seg_2.mat,EEG,LRDA,283749,0.27
data/dataset_eeg/lrda/abn514_20130114_210759_3865_seg_3.mat,EEG,LRDA,284101,0.27
data/dataset_eeg/lrda/abn514_20130114_210759_3866_seg_1.mat,EEG,LRDA,283342,0.27
data/dataset_eeg/lrda/abn514_20130114_210759_3866_seg_2.mat,EEG,LRDA,284598,0.27
data/dataset_eeg/lrda/abn514_20130114_210759_3866_seg_3.mat,EEG,LRDA,283608,0.27
data/dataset_eeg/lrda/abn514_20130114_210759_3867_seg_1.mat,EEG,LRDA,283790,0.27
data/dataset_eeg/lrda/abn514_20130114_210759_3867_seg_2.mat,EEG,LRDA,284415,0.27
data/dataset_eeg/lrda/abn514_20130114_210759_3867_seg_3.mat,EEG,LRDA,283483,0.27
data/dataset_eeg/lrda/abn514_20130114_210759_3868_seg_1.mat,EEG,LRDA,283687,0.27
data/dataset_eeg/lrda/abn514_20130114_210759_3868_seg_2.mat,EEG,LRDA,284653,0.27
data/dataset_eeg/lrda/abn514_20130114_210759_3868_seg_3.mat,EEG,LRDA,282934,0.27
data/dataset_eeg/lrda/abn514_20130114_210759_3869_seg_1.mat,EEG,LRDA,283643,0.27
data/dataset_eeg/lrda/abn514_20130114_210759_3869_seg_2.mat,EEG,LRDA,284605,0.27
data/dataset_eeg/lrda/abn514_20130114_210759_3870_seg_1.mat,EEG,LRDA,283749,0.27
data/dataset_eeg/lrda/abn514_20130114_210759_3870_seg_2.mat,EEG,LRDA,284101,0.27
data/dataset_eeg/lrda/abn514_20130114_210759_3871_seg_1.mat,EEG,LRDA,284598,0.27
data/dataset_eeg/lrda/abn514_20130114_210759_3871_seg_2.mat,EEG,LRDA,283608,0.27
data/dataset_eeg/lrda/abn514_20130114_210759_3872_seg_1.mat,EEG,LRDA,284415,0.27
data/dataset_eeg/lrda/abn514_20130114_210759_3872_seg_2.mat,EEG,LRDA,283483,0.27
data/dataset_eeg/lrda/emu386_20160426_131624_3874_seg_1.mat,EEG,LRDA,295158,0.28
data/dataset_eeg/lrda/emu386_20160426_131624_3875_seg_1.mat,EEG,LRDA,295299,0.28
data/dataset_eeg/lrda/emu386_20160426_131624_3875_seg_2.mat,EEG,LRDA,295706,0.28
data/dataset_eeg/lrda/emu386_20160426_131624_3876_seg_2.mat,EEG,LRDA,295485,0.28
data/dataset_eeg/lrda/emu386_20160426_131624_3877_seg_3.mat,EEG,LRDA,295926,0.28
data/dataset_eeg/lrda/emu386_20160426_131624_3877_seg_5.mat,EEG,LRDA,294171,0.28
data/dataset_eeg/lrda/pat0004_20160222_165556_3664_seg_4.mat,EEG,LRDA,291029,0.28
data/dataset_eeg/lrda/pat0004_20160222_165556_3665_seg_4.mat,EEG,LRDA,291124,0.28
data/dataset_eeg/lrda/pat0004_20160222_165556_3668_seg_2.mat,EEG,LRDA,290286,0.28
data/dataset_eeg/lrda/pat0004_20160222_165556_3669_seg_3.mat,EEG,LRDA,291029,0.28
data/dataset_eeg/lrda/pat0004_20160222_165556_3675_seg_2.mat,EEG,LRDA,291124,0.28
data/dataset_eeg/lrda/pat0004_20160222_165556_3679_seg_1.mat,EEG,LRDA,291029,0.28
data/dataset_eeg/lrda/pat0004_20160222_165556_3680_seg_5.mat,EEG,LRDA,291130,0.28
data/dataset_eeg/lrda/pat0004_20160222_165556_3684_seg_5.mat,EEG,LRDA,291854,0.28
data/dataset_eeg/lrda/pat0004_20160222_165556_3689_seg_3.mat,EEG,LRDA,290878,0.28
data/dataset_eeg/lrda/pat0004_20160222_165556_3689_seg_4.mat,EEG,LRDA,291854,0.28
data/dataset_eeg/lrda/pat0004_20160222_165556_3694_seg_2.mat,EEG,LRDA,290878,0.28
data/dataset_eeg/lrda/pat0004_20160222_165556_3694_seg_4.mat,EEG,LRDA,291563,0.28
data/dataset_eeg/lrda/pat0004_20160222_165556_3695_seg_3.mat,EEG,LRDA,291887,0.28
data/dataset_eeg/lrda/pat0004_20160222_165556_3695_seg_4.mat,EEG,LRDA,291775,0.28
data/dataset_eeg/lrda/pat0004_20160222_165556_3696_seg_5.mat,EEG,LRDA,291868,0.28
data/dataset_eeg/lrda/pat0004_20160222_165556_3697_seg_5.mat,EEG,LRDA,291985,0.28
data/dataset_eeg/lrda/pat0004_20160222_165556_3698_seg_5.mat,EEG,LRDA,292288,0.28
data/dataset_eeg/lrda/pat0004_20160222_165556_3699_seg_2.mat,EEG,LRDA,291854,0.28
data/dataset_eeg/lrda/pat0004_20160222_165556_3699_seg_3.mat,EEG,LRDA,291563,0.28
data/dataset_eeg/lrda/pat0004_20160222_165556_3699_seg_5.mat,EEG,LRDA,292491,0.28
data/dataset_eeg/lrda/pat0004_20160222_165556_3700_seg_5.mat,EEG,LRDA,292693,0.28
data/dataset_eeg/lrda/pat0004_20160222_165556_3701_seg_5.mat,EEG,LRDA,292582,0.28
data/dataset_eeg/lrda/pat0004_20160222_165556_3702_seg_4.mat,EEG,LRDA,291985,0.28
data/dataset_eeg/lrda/pat0004_20160222_165556_3703_seg_4.mat,EEG,LRDA,292288,0.28
data/dataset_eeg/lrda/pat0004_20160222_165556_3703_seg_5.mat,EEG,LRDA,292266,0.28
data/dataset_eeg/lrda/pat0004_20160222_165556_3704_seg_2.mat,EEG,LRDA,291563,0.28
data/dataset_eeg/lrda/pat0004_20160222_165556_3704_seg_5.mat,EEG,LRDA,292075,0.28
data/dataset_eeg/lrda/pat0004_20160222_165556_3705_seg_2.mat,EEG,LRDA,291775,0.28
data/dataset_eeg/lrda/pat0004_20160222_165556_3705_seg_5.mat,EEG,LRDA,292224,0.28
data/annotations/GPDS_LB_2_2025.csv,Annotation,GPDS,21006,0.02
data/annotations/GPDS_PH_3_2025.csv,Annotation,GPDS,24164,0.02
data/annotations/GPDS_SZ_3_2025.csv,Annotation,GPDS,19667,0.02
data/annotations/GRDA_LB_2_2025.csv,Annotation,GRDA,13970,0.01
data/annotations/GRDA_PH_3_2025.csv,Annotation,GRDA,13925,0.01
data/annotations/GRDA_SZ_3_2025.csv,Annotation,GRDA,19508,0.02
data/annotations/LPDS_LB_2_2025.csv,Annotation,LPDS,15546,0.01
data/annotations/LPDS_PH_3_3025.csv,Annotation,LPDS,20551,0.02
data/annotations/LPDS_SZ_3_2025.csv,Annotation,LPDS,17205,0.02
data/annotations/LRDA_LB_2_2025.csv,Annotation,LRDA,10365,0.01
data/annotations/LRDA_PH_3_2025.csv,Annotation,LRDA,11557,0.01
data/annotations/LRDA_SZ_3_2025.csv,Annotation,LRDA,12955,0.01
